,instant,dteday,season,year,month,holiday,one_of_week,weather_situation,temp,atemp,humidity,wind_speed,casual,registered,count_cr
0,1,2011-01-01,Spring,2011,Jan,0,Saturday,Misty,0.344167,0.363625,805833.0000000001,0.160446,331,654,985
1,2,2011-01-02,Spring,2011,Jan,0,Sunday,Misty,0.363478,0.353739,696087.0,0.248539,131,670,801
2,3,2011-01-03,Spring,2011,Jan,0,Monday,Clear,0.196364,0.189405,437272.99999999994,0.248309,120,1229,1349
3,4,2011-01-04,Spring,2011,Jan,0,Tuesday,Clear,0.2,0.212122,590435.0,0.160296,108,1454,1562
4,5,2011-01-05,Spring,2011,Jan,0,Wednesday,Clear,0.226957,0.22927,436957.0,0.1869,82,1518,1600
5,6,2011-01-06,Spring,2011,Jan,0,Thursday,Clear,0.204348,0.233209,518260.99999999994,0.0895652,88,1518,1606
6,7,2011-01-07,Spring,2011,Jan,0,Friday,Misty,0.196522,0.208839,498696.0,0.168726,148,1362,1510
7,8,2011-01-08,Spring,2011,Jan,0,Saturday,Misty,0.165,0.162254,535833.0,0.266804,68,891,959
8,9,2011-01-09,Spring,2011,Jan,0,Sunday,Clear,0.138333,0.116175,434167.0000000001,0.36195,54,768,822
9,10,2011-01-10,Spring,2011,Jan,0,Monday,Clear,0.150833,0.150888,482917.0,0.223267,41,1280,1321
10,11,2011-01-11,Spring,2011,Jan,0,Tuesday,Misty,0.169091,0.191464,686364.0,0.122132,43,1220,1263
11,12,2011-01-12,Spring,2011,Jan,0,Wednesday,Clear,0.172727,0.160473,599545.0,0.304627,25,1137,1162
12,13,2011-01-13,Spring,2011,Jan,0,Thursday,Clear,0.165,0.150883,470417.0,0.301,38,1368,1406
13,14,2011-01-14,Spring,2011,Jan,0,Friday,Clear,0.16087,0.188413,537826.0,0.126548,54,1367,1421
14,15,2011-01-15,Spring,2011,Jan,0,Saturday,Misty,0.233333,0.248112,498750.0,0.157963,222,1026,1248
15,16,2011-01-16,Spring,2011,Jan,0,Sunday,Clear,0.231667,0.234217,483750.0,0.188433,251,953,1204
16,17,2011-01-17,Spring,2011,Jan,1,Monday,Misty,0.175833,0.176771,537500.0,0.194017,117,883,1000
17,18,2011-01-18,Spring,2011,Jan,0,Tuesday,Misty,0.216667,0.232333,861666.9999999998,0.146775,9,674,683
18,19,2011-01-19,Spring,2011,Jan,0,Wednesday,Misty,0.292174,0.298422,741739.0,0.208317,78,1572,1650
19,20,2011-01-20,Spring,2011,Jan,0,Thursday,Misty,0.261667,0.25505,538332.9999999999,0.195904,83,1844,1927
20,21,2011-01-21,Spring,2011,Jan,0,Friday,Clear,0.1775,0.157833,457083.0,0.353242,75,1468,1543
21,22,2011-01-22,Spring,2011,Jan,0,Saturday,Clear,0.0591304,0.0790696,400000.0,0.17197,93,888,981
22,23,2011-01-23,Spring,2011,Jan,0,Sunday,Clear,0.0965217,0.0988391,436522.0,0.2466,150,836,986
23,24,2011-01-24,Spring,2011,Jan,0,Monday,Clear,0.0973913,0.11793,491738.99999999994,0.15833,86,1330,1416
24,25,2011-01-25,Spring,2011,Jan,0,Tuesday,Misty,0.223478,0.234526,616957.0,0.129796,186,1799,1985
25,26,2011-01-26,Spring,2011,Jan,0,Wednesday,Light_rainsnow,0.2175,0.2036,862500.0,0.29385,34,472,506
26,27,2011-01-27,Spring,2011,Jan,0,Thursday,Clear,0.195,0.2197,687500.0,0.113837,15,416,431
27,28,2011-01-28,Spring,2011,Jan,0,Friday,Misty,0.203478,0.223317,793043.0000000001,0.1233,38,1129,1167
28,29,2011-01-29,Spring,2011,Jan,0,Saturday,Clear,0.196522,0.212126,651738.9999999999,0.145365,123,975,1098
29,30,2011-01-30,Spring,2011,Jan,0,Sunday,Clear,0.216522,0.250322,722174.0,0.0739826,140,956,1096
30,31,2011-01-31,Spring,2011,Jan,0,Monday,Misty,0.180833,0.18625,603750.0,0.187192,42,1459,1501
31,32,2011-02-01,Spring,2011,Feb,0,Tuesday,Misty,0.192174,0.23453,829565.0000000001,0.053213,47,1313,1360
32,33,2011-02-02,Spring,2011,Feb,0,Wednesday,Misty,0.26,0.254417,775417.0000000001,0.264308,72,1454,1526
33,34,2011-02-03,Spring,2011,Feb,0,Thursday,Clear,0.186957,0.177878,437826.0,0.277752,61,1489,1550
34,35,2011-02-04,Spring,2011,Feb,0,Friday,Misty,0.211304,0.228587,585216.9999999999,0.127839,88,1620,1708
35,36,2011-02-05,Spring,2011,Feb,0,Saturday,Misty,0.233333,0.243058,929166.9999999998,0.161079,100,905,1005
36,37,2011-02-06,Spring,2011,Feb,0,Sunday,Clear,0.285833,0.291671,568332.9999999999,0.1418,354,1269,1623
37,38,2011-02-07,Spring,2011,Feb,0,Monday,Clear,0.271667,0.303658,738333.0000000001,0.0454083,120,1592,1712
38,39,2011-02-08,Spring,2011,Feb,0,Tuesday,Clear,0.220833,0.198246,537917.0,0.36195,64,1466,1530
39,40,2011-02-09,Spring,2011,Feb,0,Wednesday,Misty,0.134783,0.144283,494783.0,0.188839,53,1552,1605
40,41,2011-02-10,Spring,2011,Feb,0,Thursday,Clear,0.144348,0.149548,437391.0,0.221935,47,1491,1538
41,42,2011-02-11,Spring,2011,Feb,0,Friday,Clear,0.189091,0.213509,506364.00000000006,0.10855,149,1597,1746
42,43,2011-02-12,Spring,2011,Feb,0,Saturday,Clear,0.2225,0.232954,544167.0,0.203367,288,1184,1472
43,44,2011-02-13,Spring,2011,Feb,0,Sunday,Clear,0.316522,0.324113,457391.0,0.260883,397,1192,1589
44,45,2011-02-14,Spring,2011,Feb,0,Monday,Clear,0.415,0.39835,375832.99999999994,0.417908,208,1705,1913
45,46,2011-02-15,Spring,2011,Feb,0,Tuesday,Clear,0.266087,0.254274,314348.00000000006,0.291374,140,1675,1815
46,47,2011-02-16,Spring,2011,Feb,0,Wednesday,Clear,0.318261,0.3162,423478.0,0.251791,218,1897,2115
47,48,2011-02-17,Spring,2011,Feb,0,Thursday,Clear,0.435833,0.428658,505000.0,0.230104,259,2216,2475
48,49,2011-02-18,Spring,2011,Feb,0,Friday,Clear,0.521667,0.511983,516667.0,0.264925,579,2348,2927
49,50,2011-02-19,Spring,2011,Feb,0,Saturday,Clear,0.399167,0.391404,187916.99999999997,0.507463,532,1103,1635
50,51,2011-02-20,Spring,2011,Feb,0,Sunday,Clear,0.285217,0.27733,407826.0,0.223235,639,1173,1812
51,52,2011-02-21,Spring,2011,Feb,1,Monday,Misty,0.303333,0.284075,605000.0,0.307846,195,912,1107
52,53,2011-02-22,Spring,2011,Feb,0,Tuesday,Clear,0.182222,0.186033,577778.0,0.195683,74,1376,1450
53,54,2011-02-23,Spring,2011,Feb,0,Wednesday,Clear,0.221739,0.245717,423042.99999999994,0.094113,139,1778,1917
54,55,2011-02-24,Spring,2011,Feb,0,Thursday,Misty,0.295652,0.289191,697390.9999999999,0.250496,100,1707,1807
55,56,2011-02-25,Spring,2011,Feb,0,Friday,Misty,0.364348,0.350461,712174.0,0.346539,120,1341,1461
56,57,2011-02-26,Spring,2011,Feb,0,Saturday,Clear,0.2825,0.282192,537917.0,0.186571,424,1545,1969
57,58,2011-02-27,Spring,2011,Feb,0,Sunday,Clear,0.343478,0.351109,680000.0,0.125248,694,1708,2402
58,59,2011-02-28,Spring,2011,Feb,0,Monday,Misty,0.407273,0.400118,876364.0000000001,0.289686,81,1365,1446
59,60,2011-03-01,Spring,2011,Mar,0,Tuesday,Clear,0.266667,0.263879,535000.0,0.216425,137,1714,1851
60,61,2011-03-02,Spring,2011,Mar,0,Wednesday,Clear,0.335,0.320071,449583.0,0.307833,231,1903,2134
61,62,2011-03-03,Spring,2011,Mar,0,Thursday,Clear,0.198333,0.200133,318333.0,0.225754,123,1562,1685
62,63,2011-03-04,Spring,2011,Mar,0,Friday,Misty,0.261667,0.255679,610417.0,0.203346,214,1730,1944
63,64,2011-03-05,Spring,2011,Mar,0,Saturday,Misty,0.384167,0.378779,789166.9999999999,0.251871,640,1437,2077
64,65,2011-03-06,Spring,2011,Mar,0,Sunday,Misty,0.376522,0.366252,948261.0,0.343287,114,491,605
65,66,2011-03-07,Spring,2011,Mar,0,Monday,Clear,0.261739,0.238461,551304.0,0.341352,244,1628,1872
66,67,2011-03-08,Spring,2011,Mar,0,Tuesday,Clear,0.2925,0.3024,420833.0,0.12065,316,1817,2133
67,68,2011-03-09,Spring,2011,Mar,0,Wednesday,Misty,0.295833,0.286608,775417.0000000001,0.22015,191,1700,1891
68,69,2011-03-10,Spring,2011,Mar,0,Thursday,Light_rainsnow,0.389091,0.385668,0.0,0.261877,46,577,623
69,70,2011-03-11,Spring,2011,Mar,0,Friday,Misty,0.316522,0.305,649564.9999999999,0.23297,247,1730,1977
70,71,2011-03-12,Spring,2011,Mar,0,Saturday,Clear,0.329167,0.32575,594582.9999999999,0.220775,724,1408,2132
71,72,2011-03-13,Spring,2011,Mar,0,Sunday,Clear,0.384348,0.380091,527391.0000000001,0.270604,982,1435,2417
72,73,2011-03-14,Spring,2011,Mar,0,Monday,Clear,0.325217,0.332,496957.0,0.136926,359,1687,2046
73,74,2011-03-15,Spring,2011,Mar,0,Tuesday,Misty,0.317391,0.318178,655652.0,0.184309,289,1767,2056
74,75,2011-03-16,Spring,2011,Mar,0,Wednesday,Misty,0.365217,0.36693,776522.0000000001,0.203117,321,1871,2192
75,76,2011-03-17,Spring,2011,Mar,0,Thursday,Clear,0.415,0.410333,602917.0000000001,0.209579,424,2320,2744
76,77,2011-03-18,Spring,2011,Mar,0,Friday,Clear,0.54,0.527009,525217.0,0.231017,884,2355,3239
77,78,2011-03-19,Spring,2011,Mar,0,Saturday,Clear,0.4725,0.466525,379167.0,0.368167,1424,1693,3117
78,79,2011-03-20,Spring,2011,Mar,0,Sunday,Clear,0.3325,0.32575,473750.0,0.207721,1047,1424,2471
79,80,2011-03-21,Summer,2011,Mar,0,Monday,Misty,0.430435,0.409735,737391.0000000001,0.288783,401,1676,2077
80,81,2011-03-22,Summer,2011,Mar,0,Tuesday,Clear,0.441667,0.440642,624583.0,0.22575,460,2243,2703
81,82,2011-03-23,Summer,2011,Mar,0,Wednesday,Misty,0.346957,0.337939,839565.0000000001,0.234261,203,1918,2121
82,83,2011-03-24,Summer,2011,Mar,0,Thursday,Misty,0.285,0.270833,805833.0000000001,0.243787,166,1699,1865
83,84,2011-03-25,Summer,2011,Mar,0,Friday,Clear,0.264167,0.256312,495000.0,0.230725,300,1910,2210
84,85,2011-03-26,Summer,2011,Mar,0,Saturday,Clear,0.265833,0.257571,394167.0,0.209571,981,1515,2496
85,86,2011-03-27,Summer,2011,Mar,0,Sunday,Misty,0.253043,0.250339,493913.0,0.1843,472,1221,1693
86,87,2011-03-28,Summer,2011,Mar,0,Monday,Clear,0.264348,0.257574,302174.0,0.212204,222,1806,2028
87,88,2011-03-29,Summer,2011,Mar,0,Tuesday,Clear,0.3025,0.292908,314167.0,0.226996,317,2108,2425
88,89,2011-03-30,Summer,2011,Mar,0,Wednesday,Misty,0.3,0.29735,646667.0000000001,0.172888,168,1368,1536
89,90,2011-03-31,Summer,2011,Mar,0,Thursday,Light_rainsnow,0.268333,0.257575,918333.0,0.217646,179,1506,1685
90,91,2011-04-01,Summer,2011,Apr,0,Friday,Misty,0.3,0.283454,686250.0,0.258708,307,1920,2227
91,92,2011-04-02,Summer,2011,Apr,0,Saturday,Misty,0.315,0.315637,653750.0,0.197146,898,1354,2252
92,93,2011-04-03,Summer,2011,Apr,0,Sunday,Clear,0.378333,0.378767,480000.0,0.182213,1651,1598,3249
93,94,2011-04-04,Summer,2011,Apr,0,Monday,Clear,0.573333,0.542929,426250.0,0.385571,734,2381,3115
94,95,2011-04-05,Summer,2011,Apr,0,Tuesday,Misty,0.414167,0.39835,642082.9999999999,0.388067,167,1628,1795
95,96,2011-04-06,Summer,2011,Apr,0,Wednesday,Clear,0.390833,0.387608,470833.0,0.263063,413,2395,2808
96,97,2011-04-07,Summer,2011,Apr,0,Thursday,Clear,0.4375,0.433696,602917.0000000001,0.162312,571,2570,3141
97,98,2011-04-08,Summer,2011,Apr,0,Friday,Misty,0.335833,0.324479,836250.0,0.226992,172,1299,1471
98,99,2011-04-09,Summer,2011,Apr,0,Saturday,Misty,0.3425,0.341529,877500.0,0.133083,879,1576,2455
99,100,2011-04-10,Summer,2011,Apr,0,Sunday,Misty,0.426667,0.426737,857500.0,0.146767,1188,1707,2895
100,101,2011-04-11,Summer,2011,Apr,0,Monday,Misty,0.595652,0.565217,716956.0,0.324474,855,2493,3348
101,102,2011-04-12,Summer,2011,Apr,0,Tuesday,Misty,0.5025,0.493054,739167.0000000001,0.274879,257,1777,2034
102,103,2011-04-13,Summer,2011,Apr,0,Wednesday,Misty,0.4125,0.417283,819166.9999999999,0.250617,209,1953,2162
103,104,2011-04-14,Summer,2011,Apr,0,Thursday,Clear,0.4675,0.462742,540417.0000000001,0.1107,529,2738,3267
104,105,2011-04-15,Summer,2011,Apr,1,Friday,Clear,0.446667,0.441913,671250.0,0.226375,642,2484,3126
105,106,2011-04-16,Summer,2011,Apr,0,Saturday,Light_rainsnow,0.430833,0.425492,888333.0000000002,0.340808,121,674,795
106,107,2011-04-17,Summer,2011,Apr,0,Sunday,Clear,0.456667,0.445696,479583.0,0.303496,1558,2186,3744
107,108,2011-04-18,Summer,2011,Apr,0,Monday,Clear,0.5125,0.503146,542500.0,0.163567,669,2760,3429
108,109,2011-04-19,Summer,2011,Apr,0,Tuesday,Misty,0.505833,0.489258,665832.9999999999,0.157971,409,2795,3204
109,110,2011-04-20,Summer,2011,Apr,0,Wednesday,Clear,0.595,0.564392,614167.0,0.241925,613,3331,3944
110,111,2011-04-21,Summer,2011,Apr,0,Thursday,Clear,0.459167,0.453892,407082.99999999994,0.325258,745,3444,4189
111,112,2011-04-22,Summer,2011,Apr,0,Friday,Misty,0.336667,0.321954,729582.9999999999,0.219521,177,1506,1683
112,113,2011-04-23,Summer,2011,Apr,0,Saturday,Misty,0.46,0.450121,887916.9999999998,0.230725,1462,2574,4036
113,114,2011-04-24,Summer,2011,Apr,0,Sunday,Misty,0.581667,0.551763,810833.0000000001,0.192175,1710,2481,4191
114,115,2011-04-25,Summer,2011,Apr,0,Monday,Clear,0.606667,0.5745,776667.0000000001,0.185333,773,3300,4073
115,116,2011-04-26,Summer,2011,Apr,0,Tuesday,Clear,0.631667,0.594083,729167.0000000001,0.3265,678,3722,4400
116,117,2011-04-27,Summer,2011,Apr,0,Wednesday,Misty,0.62,0.575142,835416.9999999998,0.3122,547,3325,3872
117,118,2011-04-28,Summer,2011,Apr,0,Thursday,Misty,0.6175,0.578929,700833.0000000001,0.320908,569,3489,4058
118,119,2011-04-29,Summer,2011,Apr,0,Friday,Clear,0.51,0.497463,457083.0,0.240063,878,3717,4595
119,120,2011-04-30,Summer,2011,Apr,0,Saturday,Clear,0.4725,0.464021,503333.0,0.235075,1965,3347,5312
120,121,2011-05-01,Summer,2011,May,0,Sunday,Misty,0.451667,0.448204,762082.9999999999,0.106354,1138,2213,3351
121,122,2011-05-02,Summer,2011,May,0,Monday,Misty,0.549167,0.532833,730000.0,0.183454,847,3554,4401
122,123,2011-05-03,Summer,2011,May,0,Tuesday,Misty,0.616667,0.582079,697082.9999999999,0.342667,603,3848,4451
123,124,2011-05-04,Summer,2011,May,0,Wednesday,Misty,0.414167,0.40465,737083.0000000001,0.328996,255,2378,2633
124,125,2011-05-05,Summer,2011,May,0,Thursday,Clear,0.459167,0.441917,444167.0,0.295392,614,3819,4433
125,126,2011-05-06,Summer,2011,May,0,Friday,Clear,0.479167,0.474117,590000.0,0.228246,894,3714,4608
126,127,2011-05-07,Summer,2011,May,0,Saturday,Clear,0.52,0.512621,541250.0,0.16045,1612,3102,4714
127,128,2011-05-08,Summer,2011,May,0,Sunday,Clear,0.528333,0.518933,631667.0,0.0746375,1401,2932,4333
128,129,2011-05-09,Summer,2011,May,0,Monday,Clear,0.5325,0.525246,588750.0,0.176,664,3698,4362
129,130,2011-05-10,Summer,2011,May,0,Tuesday,Clear,0.5325,0.522721,489167.0,0.115671,694,4109,4803
130,131,2011-05-11,Summer,2011,May,0,Wednesday,Clear,0.5425,0.5284,632916.9999999999,0.120642,550,3632,4182
131,132,2011-05-12,Summer,2011,May,0,Thursday,Clear,0.535,0.523363,747500.0,0.189667,695,4169,4864
132,133,2011-05-13,Summer,2011,May,0,Friday,Misty,0.5125,0.4943,863333.0000000002,0.179725,692,3413,4105
133,134,2011-05-14,Summer,2011,May,0,Saturday,Misty,0.520833,0.500629,922500.0,0.13495,902,2507,3409
134,135,2011-05-15,Summer,2011,May,0,Sunday,Misty,0.5625,0.536,867083.0000000002,0.152979,1582,2971,4553
135,136,2011-05-16,Summer,2011,May,0,Monday,Clear,0.5775,0.550512,787916.9999999999,0.126871,773,3185,3958
136,137,2011-05-17,Summer,2011,May,0,Tuesday,Misty,0.561667,0.538529,837917.0,0.277354,678,3445,4123
137,138,2011-05-18,Summer,2011,May,0,Wednesday,Misty,0.55,0.527158,870000.0,0.201492,536,3319,3855
138,139,2011-05-19,Summer,2011,May,0,Thursday,Misty,0.530833,0.510742,829583.0,0.108213,735,3840,4575
139,140,2011-05-20,Summer,2011,May,0,Friday,Clear,0.536667,0.529042,719582.9999999999,0.125013,909,4008,4917
140,141,2011-05-21,Summer,2011,May,0,Saturday,Clear,0.6025,0.571975,626667.0,0.12065,2258,3547,5805
141,142,2011-05-22,Summer,2011,May,0,Sunday,Clear,0.604167,0.5745,749582.9999999999,0.148008,1576,3084,4660
142,143,2011-05-23,Summer,2011,May,0,Monday,Misty,0.631667,0.590296,810000.0,0.233842,836,3438,4274
143,144,2011-05-24,Summer,2011,May,0,Tuesday,Misty,0.66,0.604813,740832.9999999999,0.207092,659,3833,4492
144,145,2011-05-25,Summer,2011,May,0,Wednesday,Clear,0.660833,0.615542,696250.0,0.154233,740,4238,4978
145,146,2011-05-26,Summer,2011,May,0,Thursday,Clear,0.708333,0.654688,677500.0,0.199642,758,3919,4677
146,147,2011-05-27,Summer,2011,May,0,Friday,Clear,0.681667,0.637008,653750.0,0.240679,871,3808,4679
147,148,2011-05-28,Summer,2011,May,0,Saturday,Clear,0.655833,0.612379,729582.9999999999,0.230092,2001,2757,4758
148,149,2011-05-29,Summer,2011,May,0,Sunday,Clear,0.6675,0.61555,818750.0,0.213938,2355,2433,4788
149,150,2011-05-30,Summer,2011,May,1,Monday,Clear,0.733333,0.671092,685000.0,0.131225,1549,2549,4098
150,151,2011-05-31,Summer,2011,May,0,Tuesday,Clear,0.775,0.725383,636667.0,0.111329,673,3309,3982
151,152,2011-06-01,Summer,2011,Jun,0,Wednesday,Misty,0.764167,0.720967,677082.9999999999,0.207092,513,3461,3974
152,153,2011-06-02,Summer,2011,Jun,0,Thursday,Clear,0.715,0.643942,305000.0,0.292287,736,4232,4968
153,154,2011-06-03,Summer,2011,Jun,0,Friday,Clear,0.62,0.587133,354167.0,0.253121,898,4414,5312
154,155,2011-06-04,Summer,2011,Jun,0,Saturday,Clear,0.635,0.594696,456250.0,0.123142,1869,3473,5342
155,156,2011-06-05,Summer,2011,Jun,0,Sunday,Misty,0.648333,0.616804,652500.0,0.138692,1685,3221,4906
156,157,2011-06-06,Summer,2011,Jun,0,Monday,Clear,0.678333,0.621858,600000.0,0.121896,673,3875,4548
157,158,2011-06-07,Summer,2011,Jun,0,Tuesday,Clear,0.7075,0.65595,597917.0000000001,0.187808,763,4070,4833
158,159,2011-06-08,Summer,2011,Jun,0,Wednesday,Clear,0.775833,0.727279,622083.0000000001,0.136817,676,3725,4401
159,160,2011-06-09,Summer,2011,Jun,0,Thursday,Misty,0.808333,0.757579,568332.9999999999,0.149883,563,3352,3915
160,161,2011-06-10,Summer,2011,Jun,0,Friday,Clear,0.755,0.703292,605000.0,0.140554,815,3771,4586
161,162,2011-06-11,Summer,2011,Jun,0,Saturday,Clear,0.725,0.678038,654583.0000000001,0.15485,1729,3237,4966
162,163,2011-06-12,Summer,2011,Jun,0,Sunday,Clear,0.6925,0.643325,747917.0000000001,0.163567,1467,2993,4460
163,164,2011-06-13,Summer,2011,Jun,0,Monday,Clear,0.635,0.601654,494583.0,0.30535,863,4157,5020
164,165,2011-06-14,Summer,2011,Jun,0,Tuesday,Clear,0.604167,0.591546,507082.9999999999,0.269283,727,4164,4891
165,166,2011-06-15,Summer,2011,Jun,0,Wednesday,Clear,0.626667,0.587754,471667.0,0.167912,769,4411,5180
166,167,2011-06-16,Summer,2011,Jun,0,Thursday,Misty,0.628333,0.595346,688332.9999999999,0.206471,545,3222,3767
167,168,2011-06-17,Summer,2011,Jun,0,Friday,Clear,0.649167,0.600383,735832.9999999999,0.143029,863,3981,4844
168,169,2011-06-18,Summer,2011,Jun,0,Saturday,Clear,0.696667,0.643954,670417.0000000001,0.119408,1807,3312,5119
169,170,2011-06-19,Summer,2011,Jun,0,Sunday,Misty,0.699167,0.645846,666667.0000000001,0.102,1639,3105,4744
170,171,2011-06-20,Summer,2011,Jun,0,Monday,Misty,0.635,0.595346,746250.0,0.155475,699,3311,4010
171,172,2011-06-21,Fall,2011,Jun,0,Tuesday,Misty,0.680833,0.637646,770417.0000000001,0.171025,774,4061,4835
172,173,2011-06-22,Fall,2011,Jun,0,Wednesday,Clear,0.733333,0.693829,707500.0,0.172262,661,3846,4507
173,174,2011-06-23,Fall,2011,Jun,0,Thursday,Misty,0.728333,0.693833,703332.9999999999,0.238804,746,4044,4790
174,175,2011-06-24,Fall,2011,Jun,0,Friday,Clear,0.724167,0.656583,573333.0,0.222025,969,4022,4991
175,176,2011-06-25,Fall,2011,Jun,0,Saturday,Clear,0.695,0.643313,483333.0,0.209571,1782,3420,5202
176,177,2011-06-26,Fall,2011,Jun,0,Sunday,Clear,0.68,0.637629,513333.0,0.0945333,1920,3385,5305
177,178,2011-06-27,Fall,2011,Jun,0,Monday,Misty,0.6825,0.637004,658332.9999999999,0.107588,854,3854,4708
178,179,2011-06-28,Fall,2011,Jun,0,Tuesday,Clear,0.744167,0.692558,634167.0000000001,0.144283,732,3916,4648
179,180,2011-06-29,Fall,2011,Jun,0,Wednesday,Clear,0.728333,0.654688,497917.0,0.261821,848,4377,5225
180,181,2011-06-30,Fall,2011,Jun,0,Thursday,Clear,0.696667,0.637008,434167.0000000001,0.185312,1027,4488,5515
181,182,2011-07-01,Fall,2011,Jul,0,Friday,Clear,0.7225,0.652162,396250.0,0.102608,1246,4116,5362
182,183,2011-07-02,Fall,2011,Jul,0,Saturday,Clear,0.738333,0.667308,444583.0,0.115062,2204,2915,5119
183,184,2011-07-03,Fall,2011,Jul,0,Sunday,Misty,0.716667,0.668575,682500.0,0.228858,2282,2367,4649
184,185,2011-07-04,Fall,2011,Jul,1,Monday,Misty,0.726667,0.665417,637917.0,0.0814792,3065,2978,6043
185,186,2011-07-05,Fall,2011,Jul,0,Tuesday,Clear,0.746667,0.696338,590417.0,0.126258,1031,3634,4665
186,187,2011-07-06,Fall,2011,Jul,0,Wednesday,Clear,0.72,0.685633,743333.0000000001,0.149883,784,3845,4629
187,188,2011-07-07,Fall,2011,Jul,0,Thursday,Clear,0.75,0.686871,651250.0,0.1592,754,3838,4592
188,189,2011-07-08,Fall,2011,Jul,0,Friday,Misty,0.709167,0.670483,757916.9999999999,0.225129,692,3348,4040
189,190,2011-07-09,Fall,2011,Jul,0,Saturday,Clear,0.733333,0.664158,609167.0,0.167912,1988,3348,5336
190,191,2011-07-10,Fall,2011,Jul,0,Sunday,Clear,0.7475,0.690025,578333.0,0.183471,1743,3138,4881
191,192,2011-07-11,Fall,2011,Jul,0,Monday,Clear,0.7625,0.729804,635833.0,0.282337,723,3363,4086
192,193,2011-07-12,Fall,2011,Jul,0,Tuesday,Clear,0.794167,0.739275,559167.0,0.200254,662,3596,4258
193,194,2011-07-13,Fall,2011,Jul,0,Wednesday,Clear,0.746667,0.689404,631667.0,0.146133,748,3594,4342
194,195,2011-07-14,Fall,2011,Jul,0,Thursday,Clear,0.680833,0.635104,476250.0,0.240667,888,4196,5084
195,196,2011-07-15,Fall,2011,Jul,0,Friday,Clear,0.663333,0.624371,591250.0000000001,0.182833,1318,4220,5538
196,197,2011-07-16,Fall,2011,Jul,0,Saturday,Clear,0.686667,0.638263,585000.0,0.208342,2418,3505,5923
197,198,2011-07-17,Fall,2011,Jul,0,Sunday,Clear,0.719167,0.669833,604167.0,0.245033,2006,3296,5302
198,199,2011-07-18,Fall,2011,Jul,0,Monday,Clear,0.746667,0.703925,651250.0,0.215804,841,3617,4458
199,200,2011-07-19,Fall,2011,Jul,0,Tuesday,Clear,0.776667,0.747479,650417.0000000001,0.1306,752,3789,4541
200,201,2011-07-20,Fall,2011,Jul,0,Wednesday,Clear,0.768333,0.74685,707083.0000000001,0.113817,644,3688,4332
201,202,2011-07-21,Fall,2011,Jul,0,Thursday,Misty,0.815,0.826371,691250.0,0.222021,632,3152,3784
202,203,2011-07-22,Fall,2011,Jul,0,Friday,Clear,0.848333,0.840896,580417.0,0.1331,562,2825,3387
203,204,2011-07-23,Fall,2011,Jul,0,Saturday,Clear,0.849167,0.804287,500000.0,0.131221,987,2298,3285
204,205,2011-07-24,Fall,2011,Jul,0,Sunday,Clear,0.83,0.794829,550833.0,0.169171,1050,2556,3606
205,206,2011-07-25,Fall,2011,Jul,0,Monday,Clear,0.743333,0.720958,757082.9999999999,0.0908083,568,3272,3840
206,207,2011-07-26,Fall,2011,Jul,0,Tuesday,Clear,0.771667,0.696979,540833.0,0.200258,750,3840,4590
207,208,2011-07-27,Fall,2011,Jul,0,Wednesday,Clear,0.775,0.690667,402917.00000000006,0.183463,755,3901,4656
208,209,2011-07-28,Fall,2011,Jul,0,Thursday,Clear,0.779167,0.7399,583333.0,0.178479,606,3784,4390
209,210,2011-07-29,Fall,2011,Jul,0,Friday,Clear,0.838333,0.785967,542500.0,0.174138,670,3176,3846
210,211,2011-07-30,Fall,2011,Jul,0,Saturday,Clear,0.804167,0.728537,465833.0,0.168537,1559,2916,4475
211,212,2011-07-31,Fall,2011,Jul,0,Sunday,Clear,0.805833,0.729796,480833.0,0.164813,1524,2778,4302
212,213,2011-08-01,Fall,2011,Aug,0,Monday,Clear,0.771667,0.703292,550833.0,0.156717,729,3537,4266
213,214,2011-08-02,Fall,2011,Aug,0,Tuesday,Clear,0.783333,0.707071,491250.0,0.20585,801,4044,4845
214,215,2011-08-03,Fall,2011,Aug,0,Wednesday,Misty,0.731667,0.679937,657500.0,0.135583,467,3107,3574
215,216,2011-08-04,Fall,2011,Aug,0,Thursday,Misty,0.71,0.664788,757500.0,0.19715,799,3777,4576
216,217,2011-08-05,Fall,2011,Aug,0,Friday,Clear,0.710833,0.656567,630832.9999999999,0.184696,1023,3843,4866
217,218,2011-08-06,Fall,2011,Aug,0,Saturday,Misty,0.716667,0.676154,755000.0,0.22825,1521,2773,4294
218,219,2011-08-07,Fall,2011,Aug,0,Sunday,Clear,0.7425,0.715292,752916.9999999999,0.201487,1298,2487,3785
219,220,2011-08-08,Fall,2011,Aug,0,Monday,Clear,0.765,0.703283,592083.0,0.192175,846,3480,4326
220,221,2011-08-09,Fall,2011,Aug,0,Tuesday,Clear,0.775,0.724121,570416.9999999999,0.151121,907,3695,4602
221,222,2011-08-10,Fall,2011,Aug,0,Wednesday,Clear,0.766667,0.684983,424167.0,0.200258,884,3896,4780
222,223,2011-08-11,Fall,2011,Aug,0,Thursday,Clear,0.7175,0.651521,423750.0,0.164796,812,3980,4792
223,224,2011-08-12,Fall,2011,Aug,0,Friday,Clear,0.708333,0.654042,415000.0,0.125621,1051,3854,4905
224,225,2011-08-13,Fall,2011,Aug,0,Saturday,Misty,0.685833,0.645858,729582.9999999999,0.211454,1504,2646,4150
225,226,2011-08-14,Fall,2011,Aug,0,Sunday,Misty,0.676667,0.624388,817500.0,0.222633,1338,2482,3820
226,227,2011-08-15,Fall,2011,Aug,0,Monday,Clear,0.665833,0.616167,712083.0000000001,0.208954,775,3563,4338
227,228,2011-08-16,Fall,2011,Aug,0,Tuesday,Clear,0.700833,0.645837,578333.0,0.236329,721,4004,4725
228,229,2011-08-17,Fall,2011,Aug,0,Wednesday,Clear,0.723333,0.666671,575417.0,0.143667,668,4026,4694
229,230,2011-08-18,Fall,2011,Aug,0,Thursday,Clear,0.711667,0.662258,654583.0000000001,0.233208,639,3166,3805
230,231,2011-08-19,Fall,2011,Aug,0,Friday,Misty,0.685,0.633221,722917.0000000001,0.139308,797,3356,4153
231,232,2011-08-20,Fall,2011,Aug,0,Saturday,Clear,0.6975,0.648996,674166.9999999999,0.104467,1914,3277,5191
232,233,2011-08-21,Fall,2011,Aug,0,Sunday,Clear,0.710833,0.675525,770000.0,0.248754,1249,2624,3873
233,234,2011-08-22,Fall,2011,Aug,0,Monday,Clear,0.691667,0.638254,470000.0,0.27675,833,3925,4758
234,235,2011-08-23,Fall,2011,Aug,0,Tuesday,Clear,0.640833,0.606067,455417.0,0.146763,1281,4614,5895
235,236,2011-08-24,Fall,2011,Aug,0,Wednesday,Clear,0.673333,0.630692,605000.0,0.253108,949,4181,5130
236,237,2011-08-25,Fall,2011,Aug,0,Thursday,Misty,0.684167,0.645854,771667.0000000001,0.210833,435,3107,3542
237,238,2011-08-26,Fall,2011,Aug,0,Friday,Clear,0.7,0.659733,761250.0,0.0839625,768,3893,4661
238,239,2011-08-27,Fall,2011,Aug,0,Saturday,Misty,0.68,0.635556,850000.0,0.375617,226,889,1115
239,240,2011-08-28,Fall,2011,Aug,0,Sunday,Clear,0.707059,0.647959,561765.0,0.304659,1415,2919,4334
240,241,2011-08-29,Fall,2011,Aug,0,Monday,Clear,0.636667,0.607958,554583.0000000001,0.159825,729,3905,4634
241,242,2011-08-30,Fall,2011,Aug,0,Tuesday,Clear,0.639167,0.594704,548332.9999999999,0.125008,775,4429,5204
242,243,2011-08-31,Fall,2011,Aug,0,Wednesday,Clear,0.656667,0.611121,597917.0000000001,0.0833333,688,4370,5058
243,244,2011-09-01,Fall,2011,Sep,0,Thursday,Clear,0.655,0.614921,639167.0000000001,0.141796,783,4332,5115
244,245,2011-09-02,Fall,2011,Sep,0,Friday,Misty,0.643333,0.604808,727083.0000000001,0.139929,875,3852,4727
245,246,2011-09-03,Fall,2011,Sep,0,Saturday,Clear,0.669167,0.633213,716667.0000000001,0.185325,1935,2549,4484
246,247,2011-09-04,Fall,2011,Sep,0,Sunday,Clear,0.709167,0.665429,742083.0000000001,0.206467,2521,2419,4940
247,248,2011-09-05,Fall,2011,Sep,1,Monday,Misty,0.673333,0.625646,790417.0000000001,0.212696,1236,2115,3351
248,249,2011-09-06,Fall,2011,Sep,0,Tuesday,Light_rainsnow,0.54,0.5152,886957.0,0.343943,204,2506,2710
249,250,2011-09-07,Fall,2011,Sep,0,Wednesday,Light_rainsnow,0.599167,0.544229,917083.0,0.0970208,118,1878,1996
250,251,2011-09-08,Fall,2011,Sep,0,Thursday,Light_rainsnow,0.633913,0.555361,939565.0000000001,0.192748,153,1689,1842
251,252,2011-09-09,Fall,2011,Sep,0,Friday,Misty,0.65,0.578946,897916.9999999998,0.124379,417,3127,3544
252,253,2011-09-10,Fall,2011,Sep,0,Saturday,Clear,0.66,0.607962,753750.0,0.153608,1750,3595,5345
253,254,2011-09-11,Fall,2011,Sep,0,Sunday,Clear,0.653333,0.609229,713750.0,0.115054,1633,3413,5046
254,255,2011-09-12,Fall,2011,Sep,0,Monday,Clear,0.644348,0.60213,692174.0,0.088913,690,4023,4713
255,256,2011-09-13,Fall,2011,Sep,0,Tuesday,Clear,0.650833,0.603554,712500.0,0.141804,701,4062,4763
256,257,2011-09-14,Fall,2011,Sep,0,Wednesday,Clear,0.673333,0.6269,697082.9999999999,0.1673,647,4138,4785
257,258,2011-09-15,Fall,2011,Sep,0,Thursday,Misty,0.5775,0.553671,709167.0000000001,0.271146,428,3231,3659
258,259,2011-09-16,Fall,2011,Sep,0,Friday,Misty,0.469167,0.461475,590417.0,0.164183,742,4018,4760
259,260,2011-09-17,Fall,2011,Sep,0,Saturday,Misty,0.491667,0.478512,718332.9999999999,0.189675,1434,3077,4511
260,261,2011-09-18,Fall,2011,Sep,0,Sunday,Clear,0.5075,0.490537,695000.0,0.178483,1353,2921,4274
261,262,2011-09-19,Fall,2011,Sep,0,Monday,Misty,0.549167,0.529675,690000.0,0.151742,691,3848,4539
262,263,2011-09-20,Fall,2011,Sep,0,Tuesday,Misty,0.561667,0.532217,881250.0,0.134954,438,3203,3641
263,264,2011-09-21,Fall,2011,Sep,0,Wednesday,Misty,0.595,0.550533,900000.0,0.0964042,539,3813,4352
264,265,2011-09-22,Fall,2011,Sep,0,Thursday,Misty,0.628333,0.554963,902083.0,0.128125,555,4240,4795
265,266,2011-09-23,Winter,2011,Sep,0,Friday,Misty,0.609167,0.522125,972500.0,0.0783667,258,2137,2395
266,267,2011-09-24,Winter,2011,Sep,0,Saturday,Misty,0.606667,0.564412,862500.0,0.0783833,1776,3647,5423
267,268,2011-09-25,Winter,2011,Sep,0,Sunday,Misty,0.634167,0.572637,845000.0,0.0503792,1544,3466,5010
268,269,2011-09-26,Winter,2011,Sep,0,Monday,Misty,0.649167,0.589042,848333.0,0.1107,684,3946,4630
269,270,2011-09-27,Winter,2011,Sep,0,Tuesday,Misty,0.636667,0.574525,885417.0,0.118171,477,3643,4120
270,271,2011-09-28,Winter,2011,Sep,0,Wednesday,Misty,0.635,0.575158,848750.0,0.148629,480,3427,3907
271,272,2011-09-29,Winter,2011,Sep,0,Thursday,Clear,0.616667,0.574512,699166.9999999999,0.172883,653,4186,4839
272,273,2011-09-30,Winter,2011,Sep,0,Friday,Clear,0.564167,0.544829,647500.0,0.206475,830,4372,5202
273,274,2011-10-01,Winter,2011,Oct,0,Saturday,Misty,0.41,0.412863,753750.0,0.292296,480,1949,2429
274,275,2011-10-02,Winter,2011,Oct,0,Sunday,Misty,0.356667,0.345317,791667.0000000001,0.222013,616,2302,2918
275,276,2011-10-03,Winter,2011,Oct,0,Monday,Misty,0.384167,0.392046,760832.9999999999,0.0833458,330,3240,3570
276,277,2011-10-04,Winter,2011,Oct,0,Tuesday,Clear,0.484167,0.472858,710000.0,0.205854,486,3970,4456
277,278,2011-10-05,Winter,2011,Oct,0,Wednesday,Clear,0.538333,0.527138,647916.9999999999,0.17725,559,4267,4826
278,279,2011-10-06,Winter,2011,Oct,0,Thursday,Clear,0.494167,0.480425,620832.9999999999,0.134954,639,4126,4765
279,280,2011-10-07,Winter,2011,Oct,0,Friday,Clear,0.510833,0.504404,684166.9999999999,0.0223917,949,4036,4985
280,281,2011-10-08,Winter,2011,Oct,0,Saturday,Clear,0.521667,0.513242,701250.0,0.0454042,2235,3174,5409
281,282,2011-10-09,Winter,2011,Oct,0,Sunday,Clear,0.540833,0.523983,727500.0,0.06345,2397,3114,5511
282,283,2011-10-10,Winter,2011,Oct,1,Monday,Clear,0.570833,0.542925,733750.0,0.0423042,1514,3603,5117
283,284,2011-10-11,Winter,2011,Oct,0,Tuesday,Misty,0.566667,0.546096,808750.0,0.143042,667,3896,4563
284,285,2011-10-12,Winter,2011,Oct,0,Wednesday,Light_rainsnow,0.543333,0.517717,906250.0,0.24815,217,2199,2416
285,286,2011-10-13,Winter,2011,Oct,0,Thursday,Misty,0.589167,0.551804,896667.0,0.141787,290,2623,2913
286,287,2011-10-14,Winter,2011,Oct,0,Friday,Misty,0.550833,0.529675,716250.0,0.223883,529,3115,3644
287,288,2011-10-15,Winter,2011,Oct,0,Saturday,Clear,0.506667,0.498725,483333.0,0.258083,1899,3318,5217
288,289,2011-10-16,Winter,2011,Oct,0,Sunday,Clear,0.511667,0.503154,486667.0,0.281717,1748,3293,5041
289,290,2011-10-17,Winter,2011,Oct,0,Monday,Clear,0.534167,0.510725,579582.9999999999,0.175379,713,3857,4570
290,291,2011-10-18,Winter,2011,Oct,0,Tuesday,Misty,0.5325,0.522721,701667.0000000001,0.110087,637,4111,4748
291,292,2011-10-19,Winter,2011,Oct,0,Wednesday,Light_rainsnow,0.541739,0.513848,895217.0000000002,0.243339,254,2170,2424
292,293,2011-10-20,Winter,2011,Oct,0,Thursday,Clear,0.475833,0.466525,636250.0,0.422275,471,3724,4195
293,294,2011-10-21,Winter,2011,Oct,0,Friday,Clear,0.4275,0.423596,574167.0,0.221396,676,3628,4304
294,295,2011-10-22,Winter,2011,Oct,0,Saturday,Clear,0.4225,0.425492,629167.0000000001,0.0926667,1499,2809,4308
295,296,2011-10-23,Winter,2011,Oct,0,Sunday,Clear,0.421667,0.422333,741250.0,0.0995125,1619,2762,4381
296,297,2011-10-24,Winter,2011,Oct,0,Monday,Clear,0.463333,0.457067,772082.9999999999,0.118792,699,3488,4187
297,298,2011-10-25,Winter,2011,Oct,0,Tuesday,Clear,0.471667,0.463375,622917.0000000001,0.166658,695,3992,4687
298,299,2011-10-26,Winter,2011,Oct,0,Wednesday,Misty,0.484167,0.472846,720416.9999999999,0.148642,404,3490,3894
299,300,2011-10-27,Winter,2011,Oct,0,Thursday,Misty,0.47,0.457046,812917.0000000001,0.197763,240,2419,2659
300,301,2011-10-28,Winter,2011,Oct,0,Friday,Misty,0.330833,0.318812,585833.0000000001,0.229479,456,3291,3747
301,302,2011-10-29,Winter,2011,Oct,0,Saturday,Light_rainsnow,0.254167,0.227913,882500.0,0.351371,57,570,627
302,303,2011-10-30,Winter,2011,Oct,0,Sunday,Clear,0.319167,0.321329,623750.0,0.176617,885,2446,3331
303,304,2011-10-31,Winter,2011,Oct,0,Monday,Clear,0.34,0.356063,703332.9999999999,0.10635,362,3307,3669
304,305,2011-11-01,Winter,2011,Nov,0,Tuesday,Clear,0.400833,0.397088,683750.0,0.135571,410,3658,4068
305,306,2011-11-02,Winter,2011,Nov,0,Wednesday,Clear,0.3775,0.390133,718750.0,0.0820917,370,3816,4186
306,307,2011-11-03,Winter,2011,Nov,0,Thursday,Clear,0.408333,0.405921,702083.0000000001,0.136817,318,3656,3974
307,308,2011-11-04,Winter,2011,Nov,0,Friday,Misty,0.403333,0.403392,622500.0000000001,0.271779,470,3576,4046
308,309,2011-11-05,Winter,2011,Nov,0,Saturday,Clear,0.326667,0.323854,519167.0000000001,0.189062,1156,2770,3926
309,310,2011-11-06,Winter,2011,Nov,0,Sunday,Clear,0.348333,0.362358,734582.9999999999,0.0920542,952,2697,3649
310,311,2011-11-07,Winter,2011,Nov,0,Monday,Clear,0.395,0.400871,758750.0,0.057225,373,3662,4035
311,312,2011-11-08,Winter,2011,Nov,0,Tuesday,Clear,0.408333,0.412246,721666.9999999999,0.0690375,376,3829,4205
312,313,2011-11-09,Winter,2011,Nov,0,Wednesday,Clear,0.4,0.409079,758333.0000000001,0.0621958,305,3804,4109
313,314,2011-11-10,Winter,2011,Nov,0,Thursday,Misty,0.38,0.373721,813332.9999999999,0.189067,190,2743,2933
314,315,2011-11-11,Winter,2011,Nov,1,Friday,Clear,0.324167,0.306817,446250.0,0.314675,440,2928,3368
315,316,2011-11-12,Winter,2011,Nov,0,Saturday,Clear,0.356667,0.357942,552917.0,0.212062,1275,2792,4067
316,317,2011-11-13,Winter,2011,Nov,0,Sunday,Clear,0.440833,0.43055,458333.0,0.281721,1004,2713,3717
317,318,2011-11-14,Winter,2011,Nov,0,Monday,Clear,0.53,0.524612,587083.0,0.306596,595,3891,4486
318,319,2011-11-15,Winter,2011,Nov,0,Tuesday,Misty,0.53,0.507579,688750.0,0.199633,449,3746,4195
319,320,2011-11-16,Winter,2011,Nov,0,Wednesday,Light_rainsnow,0.456667,0.451988,930000.0,0.136829,145,1672,1817
320,321,2011-11-17,Winter,2011,Nov,0,Thursday,Misty,0.341667,0.323221,575833.0,0.305362,139,2914,3053
321,322,2011-11-18,Winter,2011,Nov,0,Friday,Clear,0.274167,0.272721,410000.0,0.168533,245,3147,3392
322,323,2011-11-19,Winter,2011,Nov,0,Saturday,Clear,0.329167,0.324483,502082.9999999999,0.224496,943,2720,3663
323,324,2011-11-20,Winter,2011,Nov,0,Sunday,Misty,0.463333,0.457058,684583.0000000001,0.18595,787,2733,3520
324,325,2011-11-21,Winter,2011,Nov,0,Monday,Light_rainsnow,0.4475,0.445062,910000.0,0.138054,220,2545,2765
325,326,2011-11-22,Winter,2011,Nov,0,Tuesday,Light_rainsnow,0.416667,0.421696,962500.0,0.118792,69,1538,1607
326,327,2011-11-23,Winter,2011,Nov,0,Wednesday,Misty,0.440833,0.430537,757916.9999999999,0.335825,112,2454,2566
327,328,2011-11-24,Winter,2011,Nov,1,Thursday,Clear,0.373333,0.372471,549167.0,0.167304,560,935,1495
328,329,2011-11-25,Winter,2011,Nov,0,Friday,Clear,0.375,0.380671,643750.0,0.0988958,1095,1697,2792
329,330,2011-11-26,Winter,2011,Nov,0,Saturday,Clear,0.375833,0.385087,681667.0000000001,0.0684208,1249,1819,3068
330,331,2011-11-27,Winter,2011,Nov,0,Sunday,Clear,0.459167,0.4558,698332.9999999999,0.208954,810,2261,3071
331,332,2011-11-28,Winter,2011,Nov,0,Monday,Clear,0.503478,0.490122,743042.9999999999,0.142122,253,3614,3867
332,333,2011-11-29,Winter,2011,Nov,0,Tuesday,Misty,0.458333,0.451375,830833.0000000002,0.258092,96,2818,2914
333,334,2011-11-30,Winter,2011,Nov,0,Wednesday,Clear,0.325,0.311221,613333.0,0.271158,188,3425,3613
334,335,2011-12-01,Winter,2011,Dec,0,Thursday,Clear,0.3125,0.305554,524583.0,0.220158,182,3545,3727
335,336,2011-12-02,Winter,2011,Dec,0,Friday,Clear,0.314167,0.331433,625832.9999999999,0.100754,268,3672,3940
336,337,2011-12-03,Winter,2011,Dec,0,Saturday,Clear,0.299167,0.310604,612917.0000000001,0.0957833,706,2908,3614
337,338,2011-12-04,Winter,2011,Dec,0,Sunday,Clear,0.330833,0.3491,775832.9999999999,0.0839583,634,2851,3485
338,339,2011-12-05,Winter,2011,Dec,0,Monday,Misty,0.385833,0.393925,827083.0000000002,0.0622083,233,3578,3811
339,340,2011-12-06,Winter,2011,Dec,0,Tuesday,Light_rainsnow,0.4625,0.4564,949583.0,0.232583,126,2468,2594
340,341,2011-12-07,Winter,2011,Dec,0,Wednesday,Light_rainsnow,0.41,0.400246,970416.9999999998,0.266175,50,655,705
341,342,2011-12-08,Winter,2011,Dec,0,Thursday,Clear,0.265833,0.256938,579999.9999999999,0.240058,150,3172,3322
342,343,2011-12-09,Winter,2011,Dec,0,Friday,Clear,0.290833,0.317542,695833.0000000001,0.0827167,261,3359,3620
343,344,2011-12-10,Winter,2011,Dec,0,Saturday,Clear,0.275,0.266412,507499.9999999999,0.233221,502,2688,3190
344,345,2011-12-11,Winter,2011,Dec,0,Sunday,Clear,0.220833,0.253154,490000.0,0.0665417,377,2366,2743
345,346,2011-12-12,Winter,2011,Dec,0,Monday,Clear,0.238333,0.270196,670833.0000000001,0.06345,143,3167,3310
346,347,2011-12-13,Winter,2011,Dec,0,Tuesday,Clear,0.2825,0.301138,590000.0,0.14055,155,3368,3523
347,348,2011-12-14,Winter,2011,Dec,0,Wednesday,Misty,0.3175,0.338362,663750.0,0.0609583,178,3562,3740
348,349,2011-12-15,Winter,2011,Dec,0,Thursday,Misty,0.4225,0.412237,634167.0000000001,0.268042,181,3528,3709
349,350,2011-12-16,Winter,2011,Dec,0,Friday,Misty,0.375,0.359825,500417.0,0.260575,178,3399,3577
350,351,2011-12-17,Winter,2011,Dec,0,Saturday,Misty,0.258333,0.249371,560833.0,0.243167,275,2464,2739
351,352,2011-12-18,Winter,2011,Dec,0,Sunday,Clear,0.238333,0.245579,586250.0000000001,0.169779,220,2211,2431
352,353,2011-12-19,Winter,2011,Dec,0,Monday,Clear,0.276667,0.280933,637499.9999999999,0.172896,260,3143,3403
353,354,2011-12-20,Winter,2011,Dec,0,Tuesday,Misty,0.385833,0.396454,595417.0,0.0615708,216,3534,3750
354,355,2011-12-21,Spring,2011,Dec,0,Wednesday,Misty,0.428333,0.428017,858333.0000000002,0.2214,107,2553,2660
355,356,2011-12-22,Spring,2011,Dec,0,Thursday,Misty,0.423333,0.426121,757500.0,0.047275,227,2841,3068
356,357,2011-12-23,Spring,2011,Dec,0,Friday,Clear,0.373333,0.377513,686250.0,0.274246,163,2046,2209
357,358,2011-12-24,Spring,2011,Dec,0,Saturday,Clear,0.3025,0.299242,542500.0,0.190304,155,856,1011
358,359,2011-12-25,Spring,2011,Dec,0,Sunday,Clear,0.274783,0.279961,681304.0000000001,0.155091,303,451,754
359,360,2011-12-26,Spring,2011,Dec,1,Monday,Clear,0.321739,0.315535,506957.00000000006,0.239465,430,887,1317
360,361,2011-12-27,Spring,2011,Dec,0,Tuesday,Misty,0.325,0.327633,762500.0,0.18845,103,1059,1162
361,362,2011-12-28,Spring,2011,Dec,0,Wednesday,Clear,0.29913,0.279974,503913.0000000001,0.293961,255,2047,2302
362,363,2011-12-29,Spring,2011,Dec,0,Thursday,Clear,0.248333,0.263892,574167.0,0.119412,254,2169,2423
363,364,2011-12-30,Spring,2011,Dec,0,Friday,Clear,0.311667,0.318812,636667.0,0.134337,491,2508,2999
364,365,2011-12-31,Spring,2011,Dec,0,Saturday,Clear,0.41,0.414121,615832.9999999999,0.220154,665,1820,2485
365,366,2012-01-01,Spring,2012,Jan,0,Sunday,Clear,0.37,0.375621,692500.0,0.192167,686,1608,2294
366,367,2012-01-02,Spring,2012,Jan,1,Monday,Clear,0.273043,0.252304,381303.99999999994,0.329665,244,1707,1951
367,368,2012-01-03,Spring,2012,Jan,0,Tuesday,Clear,0.15,0.126275,441250.0,0.365671,89,2147,2236
368,369,2012-01-04,Spring,2012,Jan,0,Wednesday,Misty,0.1075,0.119337,414583.0,0.1847,95,2273,2368
369,370,2012-01-05,Spring,2012,Jan,0,Thursday,Clear,0.265833,0.278412,524167.0000000001,0.129987,140,3132,3272
370,371,2012-01-06,Spring,2012,Jan,0,Friday,Clear,0.334167,0.340267,542083.0,0.167908,307,3791,4098
371,372,2012-01-07,Spring,2012,Jan,0,Saturday,Clear,0.393333,0.390779,531667.0,0.174758,1070,3451,4521
372,373,2012-01-08,Spring,2012,Jan,0,Sunday,Clear,0.3375,0.340258,465000.0,0.191542,599,2826,3425
373,374,2012-01-09,Spring,2012,Jan,0,Monday,Misty,0.224167,0.247479,701667.0000000001,0.0989,106,2270,2376
374,375,2012-01-10,Spring,2012,Jan,0,Tuesday,Clear,0.308696,0.318826,646522.0000000001,0.187552,173,3425,3598
375,376,2012-01-11,Spring,2012,Jan,0,Wednesday,Misty,0.274167,0.282821,847500.0,0.131221,92,2085,2177
376,377,2012-01-12,Spring,2012,Jan,0,Thursday,Misty,0.3825,0.381938,802917.0000000001,0.180967,269,3828,4097
377,378,2012-01-13,Spring,2012,Jan,0,Friday,Clear,0.274167,0.249362,507499.9999999999,0.378108,174,3040,3214
378,379,2012-01-14,Spring,2012,Jan,0,Saturday,Clear,0.18,0.183087,457500.0,0.187183,333,2160,2493
379,380,2012-01-15,Spring,2012,Jan,0,Sunday,Clear,0.166667,0.161625,419167.0,0.251258,284,2027,2311
380,381,2012-01-16,Spring,2012,Jan,1,Monday,Clear,0.19,0.190663,522500.0,0.231358,217,2081,2298
381,382,2012-01-17,Spring,2012,Jan,0,Tuesday,Misty,0.373043,0.364278,716087.0,0.34913,127,2808,2935
382,383,2012-01-18,Spring,2012,Jan,0,Wednesday,Clear,0.303333,0.275254,443332.9999999999,0.415429,109,3267,3376
383,384,2012-01-19,Spring,2012,Jan,0,Thursday,Clear,0.19,0.190038,497500.0,0.220158,130,3162,3292
384,385,2012-01-20,Spring,2012,Jan,0,Friday,Misty,0.2175,0.220958,450000.0,0.20275,115,3048,3163
385,386,2012-01-21,Spring,2012,Jan,0,Saturday,Misty,0.173333,0.174875,831250.0,0.222642,67,1234,1301
386,387,2012-01-22,Spring,2012,Jan,0,Sunday,Misty,0.1625,0.16225,796250.0,0.199638,196,1781,1977
387,388,2012-01-23,Spring,2012,Jan,0,Monday,Misty,0.218333,0.243058,911250.0,0.110708,145,2287,2432
388,389,2012-01-24,Spring,2012,Jan,0,Tuesday,Clear,0.3425,0.349108,835833.0000000002,0.123767,439,3900,4339
389,390,2012-01-25,Spring,2012,Jan,0,Wednesday,Clear,0.294167,0.294821,643750.0,0.161071,467,3803,4270
390,391,2012-01-26,Spring,2012,Jan,0,Thursday,Misty,0.341667,0.35605,769583.0000000001,0.0733958,244,3831,4075
391,392,2012-01-27,Spring,2012,Jan,0,Friday,Misty,0.425,0.415383,741250.0,0.342667,269,3187,3456
392,393,2012-01-28,Spring,2012,Jan,0,Saturday,Clear,0.315833,0.326379,543332.9999999999,0.210829,775,3248,4023
393,394,2012-01-29,Spring,2012,Jan,0,Sunday,Clear,0.2825,0.272721,311250.00000000006,0.24005,558,2685,3243
394,395,2012-01-30,Spring,2012,Jan,0,Monday,Clear,0.269167,0.262625,400833.0,0.215792,126,3498,3624
395,396,2012-01-31,Spring,2012,Jan,0,Tuesday,Clear,0.39,0.381317,416667.0,0.261817,324,4185,4509
396,397,2012-02-01,Spring,2012,Feb,0,Wednesday,Clear,0.469167,0.466538,507916.99999999994,0.189067,304,4275,4579
397,398,2012-02-02,Spring,2012,Feb,0,Thursday,Misty,0.399167,0.398971,672916.9999999999,0.187187,190,3571,3761
398,399,2012-02-03,Spring,2012,Feb,0,Friday,Clear,0.313333,0.309346,526667.0,0.178496,310,3841,4151
399,400,2012-02-04,Spring,2012,Feb,0,Saturday,Misty,0.264167,0.272725,779583.0000000001,0.121896,384,2448,2832
400,401,2012-02-05,Spring,2012,Feb,0,Sunday,Misty,0.265833,0.264521,687917.0000000001,0.175996,318,2629,2947
401,402,2012-02-06,Spring,2012,Feb,0,Monday,Clear,0.282609,0.296426,622174.0,0.1538,206,3578,3784
402,403,2012-02-07,Spring,2012,Feb,0,Tuesday,Clear,0.354167,0.361104,496250.0,0.147379,199,4176,4375
403,404,2012-02-08,Spring,2012,Feb,0,Wednesday,Misty,0.256667,0.266421,722917.0000000001,0.133721,109,2693,2802
404,405,2012-02-09,Spring,2012,Feb,0,Thursday,Clear,0.265,0.261988,562083.0,0.194037,163,3667,3830
405,406,2012-02-10,Spring,2012,Feb,0,Friday,Misty,0.280833,0.293558,540000.0,0.116929,227,3604,3831
406,407,2012-02-11,Spring,2012,Feb,0,Saturday,Light_rainsnow,0.224167,0.210867,731250.0,0.289796,192,1977,2169
407,408,2012-02-12,Spring,2012,Feb,0,Sunday,Clear,0.1275,0.101658,464583.0,0.409212,73,1456,1529
408,409,2012-02-13,Spring,2012,Feb,0,Monday,Clear,0.2225,0.227913,411250.0,0.167283,94,3328,3422
409,410,2012-02-14,Spring,2012,Feb,0,Tuesday,Misty,0.319167,0.333946,508750.0,0.141179,135,3787,3922
410,411,2012-02-15,Spring,2012,Feb,0,Wednesday,Clear,0.348333,0.351629,531250.0,0.1816,141,4028,4169
411,412,2012-02-16,Spring,2012,Feb,0,Thursday,Misty,0.316667,0.330162,752916.9999999999,0.091425,74,2931,3005
412,413,2012-02-17,Spring,2012,Feb,0,Friday,Clear,0.343333,0.351629,634583.0,0.205846,349,3805,4154
413,414,2012-02-18,Spring,2012,Feb,0,Saturday,Clear,0.346667,0.355425,534583.0,0.190929,1435,2883,4318
414,415,2012-02-19,Spring,2012,Feb,0,Sunday,Misty,0.28,0.265788,515833.0,0.253112,618,2071,2689
415,416,2012-02-20,Spring,2012,Feb,1,Monday,Clear,0.28,0.273391,507826.0,0.229083,502,2627,3129
416,417,2012-02-21,Spring,2012,Feb,0,Tuesday,Clear,0.287826,0.295113,594348.0,0.205717,163,3614,3777
417,418,2012-02-22,Spring,2012,Feb,0,Wednesday,Clear,0.395833,0.392667,567917.0,0.234471,394,4379,4773
418,419,2012-02-23,Spring,2012,Feb,0,Thursday,Clear,0.454167,0.444446,554583.0000000001,0.190913,516,4546,5062
419,420,2012-02-24,Spring,2012,Feb,0,Friday,Misty,0.4075,0.410971,737500.0,0.237567,246,3241,3487
420,421,2012-02-25,Spring,2012,Feb,0,Saturday,Clear,0.290833,0.255675,395833.0,0.421642,317,2415,2732
421,422,2012-02-26,Spring,2012,Feb,0,Sunday,Clear,0.279167,0.268308,410000.0,0.205229,515,2874,3389
422,423,2012-02-27,Spring,2012,Feb,0,Monday,Clear,0.366667,0.357954,490833.0,0.268033,253,4069,4322
423,424,2012-02-28,Spring,2012,Feb,0,Tuesday,Clear,0.359167,0.353525,395833.0,0.193417,229,4134,4363
424,425,2012-02-29,Spring,2012,Feb,0,Wednesday,Misty,0.344348,0.34847,804783.0000000001,0.179117,65,1769,1834
425,426,2012-03-01,Spring,2012,Mar,0,Thursday,Clear,0.485833,0.475371,615417.0,0.226987,325,4665,4990
426,427,2012-03-02,Spring,2012,Mar,0,Friday,Misty,0.353333,0.359842,657082.9999999999,0.144904,246,2948,3194
427,428,2012-03-03,Spring,2012,Mar,0,Saturday,Misty,0.414167,0.413492,621250.0,0.161079,956,3110,4066
428,429,2012-03-04,Spring,2012,Mar,0,Sunday,Clear,0.325833,0.303021,403333.0,0.334571,710,2713,3423
429,430,2012-03-05,Spring,2012,Mar,0,Monday,Clear,0.243333,0.241171,506250.0,0.228858,203,3130,3333
430,431,2012-03-06,Spring,2012,Mar,0,Tuesday,Clear,0.258333,0.255042,456667.0,0.200875,221,3735,3956
431,432,2012-03-07,Spring,2012,Mar,0,Wednesday,Clear,0.404167,0.3851,513333.0,0.345779,432,4484,4916
432,433,2012-03-08,Spring,2012,Mar,0,Thursday,Clear,0.5275,0.524604,567500.0,0.441563,486,4896,5382
433,434,2012-03-09,Spring,2012,Mar,0,Friday,Misty,0.410833,0.397083,407082.99999999994,0.4148,447,4122,4569
434,435,2012-03-10,Spring,2012,Mar,0,Saturday,Clear,0.2875,0.277767,350417.0,0.22575,968,3150,4118
435,436,2012-03-11,Spring,2012,Mar,0,Sunday,Clear,0.361739,0.35967,476957.00000000006,0.222587,1658,3253,4911
436,437,2012-03-12,Spring,2012,Mar,0,Monday,Clear,0.466667,0.459592,489167.0,0.207713,838,4460,5298
437,438,2012-03-13,Spring,2012,Mar,0,Tuesday,Clear,0.565,0.542929,617500.0000000001,0.23695,762,5085,5847
438,439,2012-03-14,Spring,2012,Mar,0,Wednesday,Clear,0.5725,0.548617,507082.9999999999,0.115062,997,5315,6312
439,440,2012-03-15,Spring,2012,Mar,0,Thursday,Clear,0.5575,0.532825,579582.9999999999,0.149883,1005,5187,6192
440,441,2012-03-16,Spring,2012,Mar,0,Friday,Misty,0.435833,0.436229,842083.0000000002,0.113192,548,3830,4378
441,442,2012-03-17,Spring,2012,Mar,0,Saturday,Misty,0.514167,0.505046,755832.9999999999,0.110704,3155,4681,7836
442,443,2012-03-18,Spring,2012,Mar,0,Sunday,Misty,0.4725,0.464,810000.0,0.126883,2207,3685,5892
443,444,2012-03-19,Spring,2012,Mar,0,Monday,Clear,0.545,0.532821,728750.0,0.162317,982,5171,6153
444,445,2012-03-20,Spring,2012,Mar,0,Tuesday,Clear,0.560833,0.538533,807917.0000000001,0.121271,1051,5042,6093
445,446,2012-03-21,Summer,2012,Mar,0,Wednesday,Misty,0.531667,0.513258,821250.0,0.0895583,1122,5108,6230
446,447,2012-03-22,Summer,2012,Mar,0,Thursday,Clear,0.554167,0.531567,831250.0,0.117562,1334,5537,6871
447,448,2012-03-23,Summer,2012,Mar,0,Friday,Misty,0.601667,0.570067,694166.9999999999,0.1163,2469,5893,8362
448,449,2012-03-24,Summer,2012,Mar,0,Saturday,Misty,0.5025,0.486733,885417.0,0.192783,1033,2339,3372
449,450,2012-03-25,Summer,2012,Mar,0,Sunday,Misty,0.4375,0.437488,880833.0,0.220775,1532,3464,4996
450,451,2012-03-26,Summer,2012,Mar,0,Monday,Clear,0.445833,0.43875,477917.0,0.386821,795,4763,5558
451,452,2012-03-27,Summer,2012,Mar,0,Tuesday,Clear,0.323333,0.315654,289999.99999999994,0.187192,531,4571,5102
452,453,2012-03-28,Summer,2012,Mar,0,Wednesday,Clear,0.484167,0.47095,481250.0,0.291671,674,5024,5698
453,454,2012-03-29,Summer,2012,Mar,0,Thursday,Clear,0.494167,0.482304,439167.0,0.31965,834,5299,6133
454,455,2012-03-30,Summer,2012,Mar,0,Friday,Misty,0.37,0.375621,580833.0,0.138067,796,4663,5459
455,456,2012-03-31,Summer,2012,Mar,0,Saturday,Misty,0.424167,0.421708,738333.0000000001,0.250617,2301,3934,6235
456,457,2012-04-01,Summer,2012,Apr,0,Sunday,Misty,0.425833,0.417287,676250.0,0.172267,2347,3694,6041
457,458,2012-04-02,Summer,2012,Apr,0,Monday,Clear,0.433913,0.427513,504348.00000000006,0.312139,1208,4728,5936
458,459,2012-04-03,Summer,2012,Apr,0,Tuesday,Clear,0.466667,0.461483,396667.0,0.100133,1348,5424,6772
459,460,2012-04-04,Summer,2012,Apr,0,Wednesday,Clear,0.541667,0.53345,469582.9999999999,0.180975,1058,5378,6436
460,461,2012-04-05,Summer,2012,Apr,0,Thursday,Clear,0.435,0.431163,374167.00000000006,0.219529,1192,5265,6457
461,462,2012-04-06,Summer,2012,Apr,0,Friday,Clear,0.403333,0.390767,377083.0,0.300388,1807,4653,6460
462,463,2012-04-07,Summer,2012,Apr,0,Saturday,Clear,0.4375,0.426129,254167.0,0.274871,3252,3605,6857
463,464,2012-04-08,Summer,2012,Apr,0,Sunday,Clear,0.5,0.492425,275833.0,0.232596,2230,2939,5169
464,465,2012-04-09,Summer,2012,Apr,0,Monday,Clear,0.489167,0.476638,317500.0,0.358196,905,4680,5585
465,466,2012-04-10,Summer,2012,Apr,0,Tuesday,Clear,0.446667,0.436233,435000.0,0.249375,819,5099,5918
466,467,2012-04-11,Summer,2012,Apr,0,Wednesday,Clear,0.348696,0.337274,469564.99999999994,0.295274,482,4380,4862
467,468,2012-04-12,Summer,2012,Apr,0,Thursday,Clear,0.3975,0.387604,466250.0,0.290429,663,4746,5409
468,469,2012-04-13,Summer,2012,Apr,0,Friday,Clear,0.4425,0.431808,408333.0,0.155471,1252,5146,6398
469,470,2012-04-14,Summer,2012,Apr,0,Saturday,Clear,0.495,0.487996,502916.99999999994,0.190917,2795,4665,7460
470,471,2012-04-15,Summer,2012,Apr,0,Sunday,Clear,0.606667,0.573875,507916.99999999994,0.225129,2846,4286,7132
471,472,2012-04-16,Summer,2012,Apr,1,Monday,Clear,0.664167,0.614925,561667.0000000001,0.284829,1198,5172,6370
472,473,2012-04-17,Summer,2012,Apr,0,Tuesday,Clear,0.608333,0.598487,390417.0,0.273629,989,5702,6691
473,474,2012-04-18,Summer,2012,Apr,0,Wednesday,Misty,0.463333,0.457038,569167.0,0.167912,347,4020,4367
474,475,2012-04-19,Summer,2012,Apr,0,Thursday,Clear,0.498333,0.493046,612500.0000000001,0.0659292,846,5719,6565
475,476,2012-04-20,Summer,2012,Apr,0,Friday,Clear,0.526667,0.515775,694582.9999999999,0.149871,1340,5950,7290
476,477,2012-04-21,Summer,2012,Apr,0,Saturday,Clear,0.57,0.542921,682917.0000000001,0.283587,2541,4083,6624
477,478,2012-04-22,Summer,2012,Apr,0,Sunday,Light_rainsnow,0.396667,0.389504,835416.9999999998,0.344546,120,907,1027
478,479,2012-04-23,Summer,2012,Apr,0,Monday,Misty,0.321667,0.301125,766666.9999999999,0.303496,195,3019,3214
479,480,2012-04-24,Summer,2012,Apr,0,Tuesday,Clear,0.413333,0.405283,454167.0,0.249383,518,5115,5633
480,481,2012-04-25,Summer,2012,Apr,0,Wednesday,Clear,0.476667,0.470317,427917.0,0.118792,655,5541,6196
481,482,2012-04-26,Summer,2012,Apr,0,Thursday,Misty,0.498333,0.483583,756666.9999999999,0.176625,475,4551,5026
482,483,2012-04-27,Summer,2012,Apr,0,Friday,Clear,0.4575,0.452637,400833.0,0.347633,1014,5219,6233
483,484,2012-04-28,Summer,2012,Apr,0,Saturday,Misty,0.376667,0.377504,489583.0,0.129975,1120,3100,4220
484,485,2012-04-29,Summer,2012,Apr,0,Sunday,Clear,0.458333,0.450121,587083.0,0.116908,2229,4075,6304
485,486,2012-04-30,Summer,2012,Apr,0,Monday,Misty,0.464167,0.457696,569999.9999999999,0.171638,665,4907,5572
486,487,2012-05-01,Summer,2012,May,0,Tuesday,Misty,0.613333,0.577021,659583.0000000001,0.156096,653,5087,5740
487,488,2012-05-02,Summer,2012,May,0,Wednesday,Clear,0.564167,0.537896,797082.9999999999,0.138058,667,5502,6169
488,489,2012-05-03,Summer,2012,May,0,Thursday,Misty,0.56,0.537242,768333.0000000001,0.133696,764,5657,6421
489,490,2012-05-04,Summer,2012,May,0,Friday,Clear,0.6275,0.590917,735416.9999999999,0.162938,1069,5227,6296
490,491,2012-05-05,Summer,2012,May,0,Saturday,Misty,0.621667,0.584608,756666.9999999999,0.152992,2496,4387,6883
491,492,2012-05-06,Summer,2012,May,0,Sunday,Misty,0.5625,0.546737,740000.0,0.149879,2135,4224,6359
492,493,2012-05-07,Summer,2012,May,0,Monday,Misty,0.5375,0.527142,664166.9999999999,0.230721,1008,5265,6273
493,494,2012-05-08,Summer,2012,May,0,Tuesday,Misty,0.581667,0.557471,685833.0000000001,0.296029,738,4990,5728
494,495,2012-05-09,Summer,2012,May,0,Wednesday,Misty,0.575,0.553025,744167.0000000001,0.216412,620,4097,4717
495,496,2012-05-10,Summer,2012,May,0,Thursday,Clear,0.505833,0.491783,552083.0,0.314063,1026,5546,6572
496,497,2012-05-11,Summer,2012,May,0,Friday,Clear,0.533333,0.520833,360417.0,0.236937,1319,5711,7030
497,498,2012-05-12,Summer,2012,May,0,Saturday,Clear,0.564167,0.544817,480417.0,0.123133,2622,4807,7429
498,499,2012-05-13,Summer,2012,May,0,Sunday,Clear,0.6125,0.585238,576250.0000000001,0.225117,2172,3946,6118
499,500,2012-05-14,Summer,2012,May,0,Monday,Misty,0.573333,0.5499,789583.0000000001,0.212692,342,2501,2843
500,501,2012-05-15,Summer,2012,May,0,Tuesday,Misty,0.611667,0.576404,794583.0000000001,0.147392,625,4490,5115
501,502,2012-05-16,Summer,2012,May,0,Wednesday,Clear,0.636667,0.595975,697917.0000000001,0.122512,991,6433,7424
502,503,2012-05-17,Summer,2012,May,0,Thursday,Clear,0.593333,0.572613,520000.0,0.229475,1242,6142,7384
503,504,2012-05-18,Summer,2012,May,0,Friday,Clear,0.564167,0.551121,523333.00000000006,0.136817,1521,6118,7639
504,505,2012-05-19,Summer,2012,May,0,Saturday,Clear,0.6,0.566908,456250.0,0.083975,3410,4884,8294
505,506,2012-05-20,Summer,2012,May,0,Sunday,Clear,0.620833,0.583967,530417.0000000001,0.254367,2704,4425,7129
506,507,2012-05-21,Summer,2012,May,0,Monday,Misty,0.598333,0.565667,811250.0,0.233204,630,3729,4359
507,508,2012-05-22,Summer,2012,May,0,Tuesday,Misty,0.615,0.580825,765832.9999999999,0.118167,819,5254,6073
508,509,2012-05-23,Summer,2012,May,0,Wednesday,Misty,0.621667,0.584612,774583.0000000001,0.102,766,4494,5260
509,510,2012-05-24,Summer,2012,May,0,Thursday,Clear,0.655,0.6067,716667.0000000001,0.172896,1059,5711,6770
510,511,2012-05-25,Summer,2012,May,0,Friday,Clear,0.68,0.627529,747083.0000000001,0.14055,1417,5317,6734
511,512,2012-05-26,Summer,2012,May,0,Saturday,Clear,0.6925,0.642696,732500.0,0.198992,2855,3681,6536
512,513,2012-05-27,Summer,2012,May,0,Sunday,Clear,0.69,0.641425,697082.9999999999,0.215171,3283,3308,6591
513,514,2012-05-28,Summer,2012,May,1,Monday,Clear,0.7125,0.6793,676250.0,0.196521,2557,3486,6043
514,515,2012-05-29,Summer,2012,May,0,Tuesday,Clear,0.7225,0.672992,684583.0000000001,0.2954,880,4863,5743
515,516,2012-05-30,Summer,2012,May,0,Wednesday,Misty,0.656667,0.611129,670000.0,0.134329,745,6110,6855
516,517,2012-05-31,Summer,2012,May,0,Thursday,Clear,0.68,0.631329,492917.0,0.195279,1100,6238,7338
517,518,2012-06-01,Summer,2012,Jun,0,Friday,Misty,0.654167,0.607962,755417.0000000001,0.237563,533,3594,4127
518,519,2012-06-02,Summer,2012,Jun,0,Saturday,Clear,0.583333,0.566288,549167.0,0.186562,2795,5325,8120
519,520,2012-06-03,Summer,2012,Jun,0,Sunday,Clear,0.6025,0.575133,493333.0,0.184087,2494,5147,7641
520,521,2012-06-04,Summer,2012,Jun,0,Monday,Clear,0.5975,0.578283,487083.0,0.284833,1071,5927,6998
521,522,2012-06-05,Summer,2012,Jun,0,Tuesday,Misty,0.540833,0.525892,613333.0,0.209575,968,6033,7001
522,523,2012-06-06,Summer,2012,Jun,0,Wednesday,Clear,0.554167,0.542292,611249.9999999999,0.077125,1027,6028,7055
523,524,2012-06-07,Summer,2012,Jun,0,Thursday,Clear,0.6025,0.569442,567083.0,0.15735,1038,6456,7494
524,525,2012-06-08,Summer,2012,Jun,0,Friday,Clear,0.649167,0.597862,467917.0000000001,0.175383,1488,6248,7736
525,526,2012-06-09,Summer,2012,Jun,0,Saturday,Clear,0.710833,0.648367,437083.0,0.144287,2708,4790,7498
526,527,2012-06-10,Summer,2012,Jun,0,Sunday,Clear,0.726667,0.663517,538332.9999999999,0.133721,2224,4374,6598
527,528,2012-06-11,Summer,2012,Jun,0,Monday,Misty,0.720833,0.659721,587917.0000000001,0.207713,1017,5647,6664
528,529,2012-06-12,Summer,2012,Jun,0,Tuesday,Misty,0.653333,0.597875,833333.0,0.214546,477,4495,4972
529,530,2012-06-13,Summer,2012,Jun,0,Wednesday,Clear,0.655833,0.611117,582083.0,0.343279,1173,6248,7421
530,531,2012-06-14,Summer,2012,Jun,0,Thursday,Clear,0.648333,0.624383,569582.9999999999,0.253733,1180,6183,7363
531,532,2012-06-15,Summer,2012,Jun,0,Friday,Clear,0.639167,0.599754,589582.9999999999,0.176617,1563,6102,7665
532,533,2012-06-16,Summer,2012,Jun,0,Saturday,Clear,0.631667,0.594708,504167.0000000001,0.166667,2963,4739,7702
533,534,2012-06-17,Summer,2012,Jun,0,Sunday,Clear,0.5925,0.571975,598750.0,0.144904,2634,4344,6978
534,535,2012-06-18,Summer,2012,Jun,0,Monday,Misty,0.568333,0.544842,777916.9999999999,0.174746,653,4446,5099
535,536,2012-06-19,Summer,2012,Jun,0,Tuesday,Clear,0.688333,0.654692,690000.0,0.148017,968,5857,6825
536,537,2012-06-20,Summer,2012,Jun,0,Wednesday,Clear,0.7825,0.720975,592083.0,0.113812,872,5339,6211
537,538,2012-06-21,Fall,2012,Jun,0,Thursday,Clear,0.805833,0.752542,567917.0,0.118787,778,5127,5905
538,539,2012-06-22,Fall,2012,Jun,0,Friday,Clear,0.7775,0.724121,573750.0,0.182842,964,4859,5823
539,540,2012-06-23,Fall,2012,Jun,0,Saturday,Clear,0.731667,0.652792,534583.0,0.179721,2657,4801,7458
540,541,2012-06-24,Fall,2012,Jun,0,Sunday,Clear,0.743333,0.674254,479167.0,0.145525,2551,4340,6891
541,542,2012-06-25,Fall,2012,Jun,0,Monday,Clear,0.715833,0.654042,504167.0000000001,0.300383,1139,5640,6779
542,543,2012-06-26,Fall,2012,Jun,0,Tuesday,Clear,0.630833,0.594704,373333.0,0.347642,1077,6365,7442
543,544,2012-06-27,Fall,2012,Jun,0,Wednesday,Clear,0.6975,0.640792,360000.0,0.271775,1077,6258,7335
544,545,2012-06-28,Fall,2012,Jun,0,Thursday,Clear,0.749167,0.675512,422500.0,0.17165,921,5958,6879
545,546,2012-06-29,Fall,2012,Jun,0,Friday,Clear,0.834167,0.786613,488750.0,0.165417,829,4634,5463
546,547,2012-06-30,Fall,2012,Jun,0,Saturday,Clear,0.765,0.687508,601249.9999999999,0.161071,1455,4232,5687
547,548,2012-07-01,Fall,2012,Jul,0,Sunday,Clear,0.815833,0.750629,518750.0000000001,0.168529,1421,4110,5531
548,549,2012-07-02,Fall,2012,Jul,0,Monday,Clear,0.781667,0.702038,447083.0,0.195267,904,5323,6227
549,550,2012-07-03,Fall,2012,Jul,0,Tuesday,Clear,0.780833,0.70265,492083.0,0.126237,1052,5608,6660
550,551,2012-07-04,Fall,2012,Jul,1,Wednesday,Clear,0.789167,0.732337,538749.9999999999,0.13495,2562,4841,7403
551,552,2012-07-05,Fall,2012,Jul,0,Thursday,Clear,0.8275,0.761367,457917.0,0.194029,1405,4836,6241
552,553,2012-07-06,Fall,2012,Jul,0,Friday,Clear,0.828333,0.752533,450833.0,0.146142,1366,4841,6207
553,554,2012-07-07,Fall,2012,Jul,0,Saturday,Clear,0.861667,0.804913,492083.0,0.163554,1448,3392,4840
554,555,2012-07-08,Fall,2012,Jul,0,Sunday,Clear,0.8225,0.790396,573750.0,0.125629,1203,3469,4672
555,556,2012-07-09,Fall,2012,Jul,0,Monday,Misty,0.710833,0.654054,683332.9999999999,0.180975,998,5571,6569
556,557,2012-07-10,Fall,2012,Jul,0,Tuesday,Misty,0.720833,0.664796,667500.0,0.151737,954,5336,6290
557,558,2012-07-11,Fall,2012,Jul,0,Wednesday,Clear,0.716667,0.650271,633333.0,0.151733,975,6289,7264
558,559,2012-07-12,Fall,2012,Jul,0,Thursday,Clear,0.715833,0.654683,529583.0,0.146775,1032,6414,7446
559,560,2012-07-13,Fall,2012,Jul,0,Friday,Misty,0.731667,0.667933,485833.0,0.08085,1511,5988,7499
560,561,2012-07-14,Fall,2012,Jul,0,Saturday,Misty,0.703333,0.666042,699166.9999999999,0.143679,2355,4614,6969
561,562,2012-07-15,Fall,2012,Jul,0,Sunday,Clear,0.745833,0.705196,717917.0000000001,0.166667,1920,4111,6031
562,563,2012-07-16,Fall,2012,Jul,0,Monday,Clear,0.763333,0.724125,645000.0,0.164187,1088,5742,6830
563,564,2012-07-17,Fall,2012,Jul,0,Tuesday,Clear,0.818333,0.755683,505832.9999999999,0.114429,921,5865,6786
564,565,2012-07-18,Fall,2012,Jul,0,Wednesday,Clear,0.793333,0.745583,577083.0,0.137442,799,4914,5713
565,566,2012-07-19,Fall,2012,Jul,0,Thursday,Clear,0.77,0.714642,600417.0,0.165429,888,5703,6591
566,567,2012-07-20,Fall,2012,Jul,0,Friday,Misty,0.665833,0.613025,844167.0,0.208967,747,5123,5870
567,568,2012-07-21,Fall,2012,Jul,0,Saturday,Light_rainsnow,0.595833,0.549912,865417.0,0.2133,1264,3195,4459
568,569,2012-07-22,Fall,2012,Jul,0,Sunday,Misty,0.6675,0.623125,762500.0,0.0939208,2544,4866,7410
569,570,2012-07-23,Fall,2012,Jul,0,Monday,Clear,0.741667,0.690017,694166.9999999999,0.138683,1135,5831,6966
570,571,2012-07-24,Fall,2012,Jul,0,Tuesday,Clear,0.750833,0.70645,655000.0,0.211454,1140,6452,7592
571,572,2012-07-25,Fall,2012,Jul,0,Wednesday,Clear,0.724167,0.654054,450000.0,0.1648,1383,6790,8173
572,573,2012-07-26,Fall,2012,Jul,0,Thursday,Clear,0.776667,0.739263,596666.9999999999,0.284813,1036,5825,6861
573,574,2012-07-27,Fall,2012,Jul,0,Friday,Clear,0.781667,0.734217,594582.9999999999,0.152992,1259,5645,6904
574,575,2012-07-28,Fall,2012,Jul,0,Saturday,Clear,0.755833,0.697604,613333.0,0.15735,2234,4451,6685
575,576,2012-07-29,Fall,2012,Jul,0,Sunday,Clear,0.721667,0.667933,623750.0,0.170396,2153,4444,6597
576,577,2012-07-30,Fall,2012,Jul,0,Monday,Clear,0.730833,0.684987,668750.0,0.153617,1040,6065,7105
577,578,2012-07-31,Fall,2012,Jul,0,Tuesday,Clear,0.713333,0.662896,704166.9999999999,0.165425,968,6248,7216
578,579,2012-08-01,Fall,2012,Aug,0,Wednesday,Clear,0.7175,0.667308,677500.0,0.141179,1074,6506,7580
579,580,2012-08-02,Fall,2012,Aug,0,Thursday,Clear,0.7525,0.707088,659583.0000000001,0.129354,983,6278,7261
580,581,2012-08-03,Fall,2012,Aug,0,Friday,Misty,0.765833,0.722867,642500.0,0.215792,1328,5847,7175
581,582,2012-08-04,Fall,2012,Aug,0,Saturday,Clear,0.793333,0.751267,613333.0,0.257458,2345,4479,6824
582,583,2012-08-05,Fall,2012,Aug,0,Sunday,Clear,0.769167,0.731079,652500.0,0.290421,1707,3757,5464
583,584,2012-08-06,Fall,2012,Aug,0,Monday,Misty,0.7525,0.710246,654167.0000000001,0.129354,1233,5780,7013
584,585,2012-08-07,Fall,2012,Aug,0,Tuesday,Misty,0.735833,0.697621,703750.0,0.116908,1278,5995,7273
585,586,2012-08-08,Fall,2012,Aug,0,Wednesday,Misty,0.75,0.707717,672916.9999999999,0.1107,1263,6271,7534
586,587,2012-08-09,Fall,2012,Aug,0,Thursday,Clear,0.755833,0.699508,620417.0,0.1561,1196,6090,7286
587,588,2012-08-10,Fall,2012,Aug,0,Friday,Misty,0.715833,0.667942,715833.0000000001,0.238813,1065,4721,5786
588,589,2012-08-11,Fall,2012,Aug,0,Saturday,Misty,0.6925,0.638267,732917.0000000001,0.206479,2247,4052,6299
589,590,2012-08-12,Fall,2012,Aug,0,Sunday,Clear,0.700833,0.644579,530417.0000000001,0.122512,2182,4362,6544
590,591,2012-08-13,Fall,2012,Aug,0,Monday,Clear,0.720833,0.662254,545417.0000000001,0.136212,1207,5676,6883
591,592,2012-08-14,Fall,2012,Aug,0,Tuesday,Clear,0.726667,0.676779,686667.0000000001,0.169158,1128,5656,6784
592,593,2012-08-15,Fall,2012,Aug,0,Wednesday,Clear,0.706667,0.654037,619583.0,0.169771,1198,6149,7347
593,594,2012-08-16,Fall,2012,Aug,0,Thursday,Clear,0.719167,0.654688,519167.0000000001,0.141796,1338,6267,7605
594,595,2012-08-17,Fall,2012,Aug,0,Friday,Clear,0.723333,0.2424,570833.0,0.231354,1483,5665,7148
595,596,2012-08-18,Fall,2012,Aug,0,Saturday,Clear,0.678333,0.618071,603333.0,0.177867,2827,5038,7865
596,597,2012-08-19,Fall,2012,Aug,0,Sunday,Misty,0.635833,0.603554,711667.0000000001,0.08645,1208,3341,4549
597,598,2012-08-20,Fall,2012,Aug,0,Monday,Misty,0.635833,0.595967,734167.0000000001,0.129979,1026,5504,6530
598,599,2012-08-21,Fall,2012,Aug,0,Tuesday,Clear,0.649167,0.601025,673750.0,0.0727708,1081,5925,7006
599,600,2012-08-22,Fall,2012,Aug,0,Wednesday,Clear,0.6675,0.621854,677082.9999999999,0.0702833,1094,6281,7375
600,601,2012-08-23,Fall,2012,Aug,0,Thursday,Clear,0.695833,0.637008,635833.0,0.0845958,1363,6402,7765
601,602,2012-08-24,Fall,2012,Aug,0,Friday,Misty,0.7025,0.6471,615000.0,0.0721458,1325,6257,7582
602,603,2012-08-25,Fall,2012,Aug,0,Saturday,Misty,0.661667,0.618696,712917.0000000001,0.244408,1829,4224,6053
603,604,2012-08-26,Fall,2012,Aug,0,Sunday,Misty,0.653333,0.595996,845833.0,0.228858,1483,3772,5255
604,605,2012-08-27,Fall,2012,Aug,0,Monday,Clear,0.703333,0.654688,730416.9999999999,0.128733,989,5928,6917
605,606,2012-08-28,Fall,2012,Aug,0,Tuesday,Clear,0.728333,0.66605,620000.0,0.190925,935,6105,7040
606,607,2012-08-29,Fall,2012,Aug,0,Wednesday,Clear,0.685,0.635733,552083.0,0.112562,1177,6520,7697
607,608,2012-08-30,Fall,2012,Aug,0,Thursday,Clear,0.706667,0.652779,590417.0,0.0771167,1172,6541,7713
608,609,2012-08-31,Fall,2012,Aug,0,Friday,Clear,0.764167,0.6894,587500.0,0.168533,1433,5917,7350
609,610,2012-09-01,Fall,2012,Sep,0,Saturday,Misty,0.753333,0.702654,638333.0,0.113187,2352,3788,6140
610,611,2012-09-02,Fall,2012,Sep,0,Sunday,Misty,0.696667,0.649,815000.0,0.0640708,2613,3197,5810
611,612,2012-09-03,Fall,2012,Sep,1,Monday,Clear,0.7075,0.661629,790832.9999999999,0.151121,1965,4069,6034
612,613,2012-09-04,Fall,2012,Sep,0,Tuesday,Clear,0.725833,0.686888,755000.0,0.236321,867,5997,6864
613,614,2012-09-05,Fall,2012,Sep,0,Wednesday,Clear,0.736667,0.708983,741250.0,0.187808,832,6280,7112
614,615,2012-09-06,Fall,2012,Sep,0,Thursday,Misty,0.696667,0.655329,810417.0000000001,0.142421,611,5592,6203
615,616,2012-09-07,Fall,2012,Sep,0,Friday,Clear,0.703333,0.657204,736250.0,0.171646,1045,6459,7504
616,617,2012-09-08,Fall,2012,Sep,0,Saturday,Misty,0.659167,0.611121,799166.9999999999,0.281104,1557,4419,5976
617,618,2012-09-09,Fall,2012,Sep,0,Sunday,Clear,0.61,0.578925,547500.0,0.224496,2570,5657,8227
618,619,2012-09-10,Fall,2012,Sep,0,Monday,Clear,0.583333,0.565654,503750.0,0.258713,1118,6407,7525
619,620,2012-09-11,Fall,2012,Sep,0,Tuesday,Clear,0.5775,0.554292,520000.0,0.0920542,1070,6697,7767
620,621,2012-09-12,Fall,2012,Sep,0,Wednesday,Clear,0.599167,0.570075,577083.0,0.131846,1050,6820,7870
621,622,2012-09-13,Fall,2012,Sep,0,Thursday,Clear,0.6125,0.579558,637082.9999999999,0.0827208,1054,6750,7804
622,623,2012-09-14,Fall,2012,Sep,0,Friday,Clear,0.633333,0.594083,672500.0,0.103863,1379,6630,8009
623,624,2012-09-15,Fall,2012,Sep,0,Saturday,Clear,0.608333,0.585867,501667.0,0.247521,3160,5554,8714
624,625,2012-09-16,Fall,2012,Sep,0,Sunday,Clear,0.58,0.563125,569999.9999999999,0.0901833,2166,5167,7333
625,626,2012-09-17,Fall,2012,Sep,0,Monday,Misty,0.580833,0.55305,734582.9999999999,0.151742,1022,5847,6869
626,627,2012-09-18,Fall,2012,Sep,0,Tuesday,Misty,0.623333,0.565067,872500.0,0.357587,371,3702,4073
627,628,2012-09-19,Fall,2012,Sep,0,Wednesday,Clear,0.5525,0.540404,536667.0,0.215175,788,6803,7591
628,629,2012-09-20,Fall,2012,Sep,0,Thursday,Clear,0.546667,0.532192,618333.0,0.118167,939,6781,7720
629,630,2012-09-21,Fall,2012,Sep,0,Friday,Clear,0.599167,0.571971,668750.0,0.154229,1250,6917,8167
630,631,2012-09-22,Fall,2012,Sep,0,Saturday,Clear,0.65,0.610488,646667.0000000001,0.283583,2512,5883,8395
631,632,2012-09-23,Winter,2012,Sep,0,Sunday,Clear,0.529167,0.518933,467083.0,0.223258,2454,5453,7907
632,633,2012-09-24,Winter,2012,Sep,0,Monday,Clear,0.514167,0.502513,492917.0,0.142404,1001,6435,7436
633,634,2012-09-25,Winter,2012,Sep,0,Tuesday,Clear,0.55,0.544179,569999.9999999999,0.236321,845,6693,7538
634,635,2012-09-26,Winter,2012,Sep,0,Wednesday,Clear,0.635,0.596613,630832.9999999999,0.2444,787,6946,7733
635,636,2012-09-27,Winter,2012,Sep,0,Thursday,Misty,0.65,0.607975,690833.0000000001,0.134342,751,6642,7393
636,637,2012-09-28,Winter,2012,Sep,0,Friday,Misty,0.619167,0.585863,690000.0,0.164179,1045,6370,7415
637,638,2012-09-29,Winter,2012,Sep,0,Saturday,Clear,0.5425,0.530296,542917.0,0.227604,2589,5966,8555
638,639,2012-09-30,Winter,2012,Sep,0,Sunday,Clear,0.526667,0.517663,583333.0,0.134958,2015,4874,6889
639,640,2012-10-01,Winter,2012,Oct,0,Monday,Misty,0.520833,0.512,649167.0000000001,0.0908042,763,6015,6778
640,641,2012-10-02,Winter,2012,Oct,0,Tuesday,Light_rainsnow,0.590833,0.542333,871666.9999999998,0.104475,315,4324,4639
641,642,2012-10-03,Winter,2012,Oct,0,Wednesday,Misty,0.6575,0.599133,793750.0,0.0665458,728,6844,7572
642,643,2012-10-04,Winter,2012,Oct,0,Thursday,Misty,0.6575,0.607975,722917.0000000001,0.117546,891,6437,7328
643,644,2012-10-05,Winter,2012,Oct,0,Friday,Clear,0.615,0.580187,627499.9999999999,0.10635,1516,6640,8156
644,645,2012-10-06,Winter,2012,Oct,0,Saturday,Clear,0.554167,0.538521,664166.9999999999,0.268025,3031,4934,7965
645,646,2012-10-07,Winter,2012,Oct,0,Sunday,Misty,0.415833,0.419813,708332.9999999999,0.141162,781,2729,3510
646,647,2012-10-08,Winter,2012,Oct,1,Monday,Misty,0.383333,0.387608,709582.9999999999,0.189679,874,4604,5478
647,648,2012-10-09,Winter,2012,Oct,0,Tuesday,Misty,0.446667,0.438112,761666.9999999999,0.1903,601,5791,6392
648,649,2012-10-10,Winter,2012,Oct,0,Wednesday,Clear,0.514167,0.503142,630832.9999999999,0.187821,780,6911,7691
649,650,2012-10-11,Winter,2012,Oct,0,Thursday,Clear,0.435,0.431167,463333.0,0.181596,834,6736,7570
650,651,2012-10-12,Winter,2012,Oct,0,Friday,Clear,0.4375,0.433071,539166.9999999999,0.235092,1060,6222,7282
651,652,2012-10-13,Winter,2012,Oct,0,Saturday,Clear,0.393333,0.391396,494583.0,0.146142,2252,4857,7109
652,653,2012-10-14,Winter,2012,Oct,0,Sunday,Clear,0.521667,0.508204,640417.0000000001,0.278612,2080,4559,6639
653,654,2012-10-15,Winter,2012,Oct,0,Monday,Misty,0.561667,0.53915,707500.0,0.296037,760,5115,5875
654,655,2012-10-16,Winter,2012,Oct,0,Tuesday,Clear,0.468333,0.460846,558332.9999999999,0.182221,922,6612,7534
655,656,2012-10-17,Winter,2012,Oct,0,Wednesday,Clear,0.455833,0.450108,692917.0000000001,0.101371,979,6482,7461
656,657,2012-10-18,Winter,2012,Oct,0,Thursday,Misty,0.5225,0.512625,728332.9999999999,0.236937,1008,6501,7509
657,658,2012-10-19,Winter,2012,Oct,0,Friday,Misty,0.563333,0.537896,815000.0,0.134954,753,4671,5424
658,659,2012-10-20,Winter,2012,Oct,0,Saturday,Clear,0.484167,0.472842,572917.0,0.117537,2806,5284,8090
659,660,2012-10-21,Winter,2012,Oct,0,Sunday,Clear,0.464167,0.456429,510000.0,0.166054,2132,4692,6824
660,661,2012-10-22,Winter,2012,Oct,0,Monday,Clear,0.4875,0.482942,568332.9999999999,0.0814833,830,6228,7058
661,662,2012-10-23,Winter,2012,Oct,0,Tuesday,Clear,0.544167,0.530304,641666.9999999999,0.0945458,841,6625,7466
662,663,2012-10-24,Winter,2012,Oct,0,Wednesday,Clear,0.5875,0.558721,636250.0,0.0727792,795,6898,7693
663,664,2012-10-25,Winter,2012,Oct,0,Thursday,Misty,0.55,0.529688,800417.0000000001,0.124375,875,6484,7359
664,665,2012-10-26,Winter,2012,Oct,0,Friday,Misty,0.545833,0.52275,807082.9999999999,0.132467,1182,6262,7444
665,666,2012-10-27,Winter,2012,Oct,0,Saturday,Misty,0.53,0.515133,720000.0,0.235692,2643,5209,7852
666,667,2012-10-28,Winter,2012,Oct,0,Sunday,Misty,0.4775,0.467771,694582.9999999999,0.398008,998,3461,4459
667,668,2012-10-29,Winter,2012,Oct,0,Monday,Light_rainsnow,0.44,0.4394,880000.0,0.3582,2,20,22
668,669,2012-10-30,Winter,2012,Oct,0,Tuesday,Misty,0.318182,0.309909,825455.0000000001,0.213009,87,1009,1096
669,670,2012-10-31,Winter,2012,Oct,0,Wednesday,Misty,0.3575,0.3611,666667.0000000001,0.166667,419,5147,5566
670,671,2012-11-01,Winter,2012,Nov,0,Thursday,Misty,0.365833,0.369942,581667.0000000001,0.157346,466,5520,5986
671,672,2012-11-02,Winter,2012,Nov,0,Friday,Clear,0.355,0.356042,522082.9999999999,0.266175,618,5229,5847
672,673,2012-11-03,Winter,2012,Nov,0,Saturday,Misty,0.343333,0.323846,491250.0,0.270529,1029,4109,5138
673,674,2012-11-04,Winter,2012,Nov,0,Sunday,Clear,0.325833,0.329538,532917.0,0.179108,1201,3906,5107
674,675,2012-11-05,Winter,2012,Nov,0,Monday,Clear,0.319167,0.308075,494167.0000000001,0.236325,378,4881,5259
675,676,2012-11-06,Winter,2012,Nov,0,Tuesday,Clear,0.280833,0.281567,567083.0,0.173513,466,5220,5686
676,677,2012-11-07,Winter,2012,Nov,0,Wednesday,Misty,0.295833,0.274621,547500.0,0.304108,326,4709,5035
677,678,2012-11-08,Winter,2012,Nov,0,Thursday,Clear,0.352174,0.341891,333478.0,0.347835,340,4975,5315
678,679,2012-11-09,Winter,2012,Nov,0,Friday,Clear,0.361667,0.355413,540833.0,0.214558,709,5283,5992
679,680,2012-11-10,Winter,2012,Nov,0,Saturday,Clear,0.389167,0.393937,645417.0000000001,0.0578458,2090,4446,6536
680,681,2012-11-11,Winter,2012,Nov,0,Sunday,Clear,0.420833,0.421713,659166.9999999999,0.1275,2290,4562,6852
681,682,2012-11-12,Winter,2012,Nov,1,Monday,Clear,0.485,0.475383,741666.9999999999,0.173517,1097,5172,6269
682,683,2012-11-13,Winter,2012,Nov,0,Tuesday,Misty,0.343333,0.323225,662916.9999999999,0.342046,327,3767,4094
683,684,2012-11-14,Winter,2012,Nov,0,Wednesday,Clear,0.289167,0.281563,552083.0,0.199625,373,5122,5495
684,685,2012-11-15,Winter,2012,Nov,0,Thursday,Misty,0.321667,0.324492,620417.0,0.152987,320,5125,5445
685,686,2012-11-16,Winter,2012,Nov,0,Friday,Clear,0.345,0.347204,524583.0,0.171025,484,5214,5698
686,687,2012-11-17,Winter,2012,Nov,0,Saturday,Clear,0.325,0.326383,545417.0000000001,0.179729,1313,4316,5629
687,688,2012-11-18,Winter,2012,Nov,0,Sunday,Clear,0.3425,0.337746,692917.0000000001,0.227612,922,3747,4669
688,689,2012-11-19,Winter,2012,Nov,0,Monday,Misty,0.380833,0.375621,623333.0,0.235067,449,5050,5499
689,690,2012-11-20,Winter,2012,Nov,0,Tuesday,Misty,0.374167,0.380667,685000.0,0.082725,534,5100,5634
690,691,2012-11-21,Winter,2012,Nov,0,Wednesday,Clear,0.353333,0.364892,613750.0,0.103246,615,4531,5146
691,692,2012-11-22,Winter,2012,Nov,1,Thursday,Clear,0.34,0.350371,580417.0,0.0528708,955,1470,2425
692,693,2012-11-23,Winter,2012,Nov,0,Friday,Clear,0.368333,0.378779,568750.0,0.148021,1603,2307,3910
693,694,2012-11-24,Winter,2012,Nov,0,Saturday,Clear,0.278333,0.248742,404583.0,0.376871,532,1745,2277
694,695,2012-11-25,Winter,2012,Nov,0,Sunday,Clear,0.245833,0.257583,468333.0,0.1505,309,2115,2424
695,696,2012-11-26,Winter,2012,Nov,0,Monday,Clear,0.313333,0.339004,535417.0000000001,0.04665,337,4750,5087
696,697,2012-11-27,Winter,2012,Nov,0,Tuesday,Misty,0.291667,0.281558,786667.0000000001,0.237562,123,3836,3959
697,698,2012-11-28,Winter,2012,Nov,0,Wednesday,Clear,0.296667,0.289762,506250.0,0.210821,198,5062,5260
698,699,2012-11-29,Winter,2012,Nov,0,Thursday,Clear,0.28087,0.298422,555652.0,0.115522,243,5080,5323
699,700,2012-11-30,Winter,2012,Nov,0,Friday,Clear,0.298333,0.323867,649583.0000000001,0.0584708,362,5306,5668
700,701,2012-12-01,Winter,2012,Dec,0,Saturday,Misty,0.298333,0.316904,806667.0000000001,0.0597042,951,4240,5191
701,702,2012-12-02,Winter,2012,Dec,0,Sunday,Misty,0.3475,0.359208,823333.0,0.124379,892,3757,4649
702,703,2012-12-03,Winter,2012,Dec,0,Monday,Clear,0.4525,0.455796,767500.0,0.0827208,555,5679,6234
703,704,2012-12-04,Winter,2012,Dec,0,Tuesday,Clear,0.475833,0.469054,733750.0,0.174129,551,6055,6606
704,705,2012-12-05,Winter,2012,Dec,0,Wednesday,Clear,0.438333,0.428012,485000.0,0.324021,331,5398,5729
705,706,2012-12-06,Winter,2012,Dec,0,Thursday,Clear,0.255833,0.258204,508750.0,0.174754,340,5035,5375
706,707,2012-12-07,Winter,2012,Dec,0,Friday,Misty,0.320833,0.321958,764167.0000000001,0.1306,349,4659,5008
707,708,2012-12-08,Winter,2012,Dec,0,Saturday,Misty,0.381667,0.389508,911250.0,0.101379,1153,4429,5582
708,709,2012-12-09,Winter,2012,Dec,0,Sunday,Misty,0.384167,0.390146,905417.0,0.157975,441,2787,3228
709,710,2012-12-10,Winter,2012,Dec,0,Monday,Misty,0.435833,0.435575,925000.0,0.190308,329,4841,5170
710,711,2012-12-11,Winter,2012,Dec,0,Tuesday,Misty,0.353333,0.338363,596666.9999999999,0.296037,282,5219,5501
711,712,2012-12-12,Winter,2012,Dec,0,Wednesday,Misty,0.2975,0.297338,538332.9999999999,0.162937,310,5009,5319
712,713,2012-12-13,Winter,2012,Dec,0,Thursday,Clear,0.295833,0.294188,485833.0,0.174129,425,5107,5532
713,714,2012-12-14,Winter,2012,Dec,0,Friday,Clear,0.281667,0.294192,642916.9999999999,0.131229,429,5182,5611
714,715,2012-12-15,Winter,2012,Dec,0,Saturday,Clear,0.324167,0.338383,650417.0000000001,0.10635,767,4280,5047
715,716,2012-12-16,Winter,2012,Dec,0,Sunday,Misty,0.3625,0.369938,838750.0,0.100742,538,3248,3786
716,717,2012-12-17,Winter,2012,Dec,0,Monday,Misty,0.393333,0.4015,907083.0,0.0982583,212,4373,4585
717,718,2012-12-18,Winter,2012,Dec,0,Tuesday,Clear,0.410833,0.409708,666250.0,0.221404,433,5124,5557
718,719,2012-12-19,Winter,2012,Dec,0,Wednesday,Clear,0.3325,0.342162,625417.0,0.184092,333,4934,5267
719,720,2012-12-20,Winter,2012,Dec,0,Thursday,Misty,0.33,0.335217,667916.9999999999,0.132463,314,3814,4128
720,721,2012-12-21,Spring,2012,Dec,0,Friday,Misty,0.326667,0.301767,556667.0000000001,0.374383,221,3402,3623
721,722,2012-12-22,Spring,2012,Dec,0,Saturday,Clear,0.265833,0.236113,441250.0,0.407346,205,1544,1749
722,723,2012-12-23,Spring,2012,Dec,0,Sunday,Clear,0.245833,0.259471,515417.0,0.133083,408,1379,1787
723,724,2012-12-24,Spring,2012,Dec,0,Monday,Misty,0.231304,0.2589,791303.9999999999,0.0772304,174,746,920
724,725,2012-12-25,Spring,2012,Dec,1,Tuesday,Misty,0.291304,0.294465,734782.9999999999,0.168726,440,573,1013
725,726,2012-12-26,Spring,2012,Dec,0,Wednesday,Light_rainsnow,0.243333,0.220333,823333.0,0.316546,9,432,441
726,727,2012-12-27,Spring,2012,Dec,0,Thursday,Misty,0.254167,0.226642,652916.9999999999,0.350133,247,1867,2114
727,728,2012-12-28,Spring,2012,Dec,0,Friday,Misty,0.253333,0.255046,590000.0,0.155471,644,2451,3095
728,729,2012-12-29,Spring,2012,Dec,0,Saturday,Misty,0.253333,0.2424,752916.9999999999,0.124383,159,1182,1341
729,730,2012-12-30,Spring,2012,Dec,0,Sunday,Clear,0.255833,0.2317,483333.0,0.350754,364,1432,1796
730,731,2012-12-31,Spring,2012,Dec,0,Monday,Misty,0.215833,0.223487,577500.0,0.154846,439,2290,2729
